Id,Name,ru_translation
57,KEDR ручка на кр. розетці HRoz-07.026-AL-S/CR-No name,KEDR ручка на кр. розетке HRoz-07.026-AL-S/CR-No name
85,KEDR  ручка на кв. розетці R08.160-AL-SN/CP,KEDR ручка на кв. розетке R08.160-AL-SN/CP
94,KEDR  ручка на кв. розетці R08.348-AL-Grafit,KEDR ручка на кв. розетке R08.348-AL-Grafit
95,KEDR  циліндр ZINK M70 ZCAB (35T*35),KEDR цилиндр ZINK M70 ZCAB (35T*35)
96,KEDR  ручка на кв. розетці HRoz-06.081-AL-AB,KEDR ручка на кв. розетке HRoz-06.081-AL-AB
98,KEDR  ручка на кв. розетці R08.045-AL-AB,KEDR ручка на кв. розетке R08.045-AL-AB
143,KEDR циліндр електроний L4-PB з паролем на відкриття та блютузом,KEDR цилиндр электронный L4-PB с паролем на открытие и блютузом
88,KEDR  ручка на кв. розетці HRoz-06.130-AL-SN/CP,KEDR ручка на кв. розетке HRoz-06.130-AL-SN/CP
771,KEDR циліндр електроний L4-SB з відкриттям від відбитку пальця та блютузом,KEDR цилиндр электронный L4-SB с открытием отпечатка пальца и блютузом
1296,KEDR ручка на планці 62.363 WC AB,KEDR ручка на планке 62.363 WC AB
1301,KEDR ручка на планці AL MINI 61.323 GP/SN,KEDR ручка на планке AL MINI 61323 GP/SN
1302,KEDR ручка на планці AL MINI 61.323 SN/CP,KEDR ручка на планке AL MINI 61.323 SN/CP
1303,KEDR ручка на планці AL MINI 61.363 SN/CP,KEDR ручка на планке AL MINI 61.363 SN/CP
1306,KEDR ручка на планці AL MINI 61.364  AB,KEDR ручка на планке AL MINI 61.364 AB
7152,KEDR  ручка на кв. розетці R62-MODA-QUADRA-AB,KEDR ручка на кв. розетке R62-MODA-QUADRA-AB
7177,.KEDR 008 Ручка сувальдн. коричнева межось. 55мм (тех. пакування),.KEDR 008 Ручка сувальдн. коричневая граница. 55мм (тех. упаковка)
7178,CLASS  Замок сувальдний ЗВ8-8D (тех. пакування),CLASS Замок сувальдный ЗВ8-8D (тех. упаковка)
23871,KEDR ULTRA накл. поворотна на фіксатор BK 2107 MWH,KEDR ULTRA накл. поворотная на фиксатор BK 2107 MWH
363,KEDR  ручка на кр. розетці HRoz-07.080-AL-AB,KEDR ручка на кр. розетке HRoz-07.080-AL-AB
1361,CLASS  100 заскочка (KEVLAR) G,CLASS 100 защелка (KEVLAR) G
5523,KEDR  ручка на кр. розетці HRoz-07.026-AL-AB,KEDR ручка на кр. розетке HRoz-07.026-AL-AB
5990,KEDR-CLASS  шпінгалет торцевий 140mm AB,KEDR-CLASS шпингалет торцевой 140mm AB
5991,KEDR-CLASS  шпінгалет торцевий 140mm GP,KEDR-CLASS шпингалет торцевой 140mm GP
6112,CLASS  100 заскочка (металева) АВ,CLASS 100 защелка (металлическая) АВ
6114,CLASS  100 заскочка (металева) NI,CLASS 100 защелка (металлическая) NI
6124,CLASS  410C-S KEVLAR механізм замка  NI,CLASS 410C-S KEVLAR механизм замка NI
384,CLASS  ET 08 накладка сувальдна SN/CP,CLASS ET 08 накладка сувальдная SN/CP
541,CLASS  ET 08 накладка сувальдна Graffit,CLASS ET 08 накладка сувальдная Graffit
1377,KEDR  циліндр ZINK M70 ZCN (40T*30),KEDR цилиндр ZINK M70 ZCN (40T*30)
3165,KEDR  накл. поворотна на фіксатор BK 08-05-SN/CP,KEDR накл. поворотная на фиксатор BK 08-05-SN/CP
5881,KEDR  накл. поворотна на фіксатор BK1005-AB,KEDR накл. поворотная на фиксатор BK1005-AB
7225,ручка на кр. розетці 07.023-AL-S/CR-NO NAME,ручка на кр. розетке 07.023-AL-S/CR-NO NAME
8201,CLASS  ET 08 накладка сувальдна BLACK MAT,CLASS ET 08 сувальдная накладка BLACK MAT
26491,CLASS Замок висячий KOS 75,CLASS Замок висячий KOS 75
364,KEDR  ручка на кр. розетці HRoz-07.080-AL-S/Cr,KEDR ручка на кр. розетке HRoz-07.080-AL-S/Cr
561,CLASS Броненакладка QVADRO PROTECT AB,CLASS Броненакладка QVADRO PROTECT AB
1598,CLASS Ущільнювач PU V 13*9mm  (Коричневий 600 м),CLASS Уплотнитель PU V 13*9mm (коричневый 600 м)
1869,KEDR Чашка під броненакладку CV01-16-69 PB (сталева),KEDR Чашка под броненакладку CV01-16-69 PB (стальная)
5884,KEDR  накл. поворотна на фіксатор BK1005-SN/CP,KEDR накл. поворотная на фиксатор BK1005-SN/CP
7400,KEDR Ручки FL-6232 L без підсвітки (з накладками),KEDR Ручки FL-6232 L без подсветки (с накладками)
1352,CLASS  small 9011SQUARE  AB,CLASS small 9011SQUARE AB
1435,Завіса KEDR FLUSH 100x75x2.5mm-2BB-Graffit   Метелик,Занавес KEDR FLUSH 100x75x2.5mm-2BB-Graffit Бабочка
3971,CLASS  1919 BLACK (ручка до протипожежного замку),CLASS 1919 BLACK (ручка к противопожарному замку)
3972,CLASS Ущільнювач PU V 13*9mm  (сірий 600 м),CLASS Уплотнитель PU V 13*9mm (серый 600 м)
568,KEDR  ручка на кв. розетці HRoz-06.593-AL-SN/CP,KEDR ручка на кв. розетке HRoz-06.593-AL-SN/CP
3161,KEDR-CLASS накладка сувальдна T900 GP (пара),KEDR-CLASS накладка сувальдная T900 GP (пара)
5885,KEDR  накл. поворотна на фіксатор BK1005-SN/PB,KEDR накл. поворотная на фиксатор BK1005-SN/PB
5890,KEDR  накладка на циліндр ET1001-SN/PB,Накладка KEDR на цилиндр ET1001-SN/PB
6136,KEDR-CLASS HANDLE  L256  CR,KEDR-CLASS HANDLE L256 CR
7417,CLASS Замок врізний з ручками 0823-M60-NI,CLASS Замок врезной с ручками 0823-M60-NI
7418,CLASS Замок врізний з ручками 0826-M60-AB,CLASS Замок врезной с ручками 0826-M60-AB
7419,CLASS Замок врізний з ручками 0826-M60-NI,CLASS Замок врезной с ручками 0826-M60-NI
7423,CLASS замок сувальдний 10/S-60.3R14 (з відповід. планкой) (ан.1001),CLASS сувальдный замок 10/S-60.3R14 (с ответ. планкой) (ан.1001)
1466,Ексцентрик регулювання притискання двері,Эксцентрик регулировки прижатия двери
1939,CLASS Замок врізний з ручками 1026-M60-S/NI,CLASS Замок врезной с ручками 1026-M60-S/NI
1943,CLASS Замок врізний з ручками 1523-M60-AB,CLASS Замок врезной с ручками 1523-M60-AB
2069,KEDR  ручка на кр. розетці R10.050-AL-MACC,KEDR ручка на кр. розетке R10.050-AL-MACC
2071,KEDR  ручка на кр. розетці R10.050-AL-AB,KEDR ручка на кр. розетке R10.050-AL-AB
5894,KEDR  ручка на кр. розетці R10.023-AL-PB,KEDR ручка на кр. розетке R10.023-AL-PB
5959,KEDR DV204 вічко 30-60 GP,KEDR DV204 глазок 30-60 GP
1933,CLASS Відбійник 015 AB,CLASS Отбойник 015 AB
1940,CLASS Відбійник 015 SN,CLASS Отбойник 015 SN
3126,KEDR  ручка на кв. розетці HRoz-06.110-AL-SN/CP,KEDR ручка на кв. розетке HRoz-06.110-AL-SN/CP
6099,CLASS  Корпус замка 252R-C-(євро МОНОБЛОК під ручку),CLASS Корпус замка 252R-C-(евро МОНОБЛОК под ручку)
6154,Завіса KEDR 100*75-S-R,Петля KEDR 100*75-S-R
6158,Завіса KEDR 100*75*2.5-B4-G,Петля KEDR 100*75*2.5-B4-G
6159,Завіса KEDR 100*75*2.5-B4-S,Петля KEDR 100*75*2.5-B4-S
6160,Завіса KEDR 125*75-AB-L,Петля KEDR 125*75-AB-L
6161,Завіса KEDR 125*75-AB-R,Петля KEDR 125*75-AB-R
6163,Завіса KEDR 125*75-CR-L,Петля KEDR 125*75-CR-L
6164,Завіса KEDR 125*75-G-R,Петля KEDR 125*75-G-R
6165,Завіса KEDR 125*75-G-L,Петля KEDR 125*75-G-L
6166,Завіса KEDR 125*75-S-R,Петля KEDR 125*75-S-R
6167,Завіса KEDR 125*75-S-L,Петля KEDR 125*75-S-L
5889,KEDR  накладка на циліндр ET1001-SN/CP,Накладка KEDR на цилиндр ET1001-SN/CP
5891,KEDR  ручка на кр. розетці R10.021-AL-SN/CP,KEDR ручка на кр. розетке R10.021-AL-SN/CP
5892,KEDR  ручка на кр. розетці R10.021-AL-SN/PB,KEDR ручка на кр. розетке R10.021-AL-SN/PB
5893,KEDR  ручка на кр. розетці R10.023-AL-AB,KEDR ручка на кр. розетке R10.023-AL-AB
5895,KEDR  ручка на кр. розетці R10.023-AL-SN/CP,KEDR ручка на кр. розетке R10.023-AL-SN/CP
5896,KEDR  ручка на кр. розетці R10.026-AL-AB,KEDR ручка на кр. розетке R10.026-AL-AB
5899,KEDR  ручка на кр. розетці R10.035-AL-SB/PB,KEDR ручка на кр. розетке R10.035-AL-SB/PB
6168,Завіса KEDR 125*75*2.5-B4-S,Петля KEDR 125*75*2.5-B4-S
6169,Завіса KEDR 125*75*2.5-B4-AB,Петля KEDR 125*75*2.5-B4-AB
6170,Завіса KEDR 125*75*2.5-B4-G,Петля KEDR 125*75*2.5-B4-G
6171,Завіса KEDR 125*75*2.5-B4-CR,Петля KEDR 125*75*2.5-B4-CR
6172,Завіса KEDR 75*62-B2-CR,Петля KEDR 75*62-B2-CR
6173,Завіса KEDR 75*62-B2-G,Петля KEDR 75*62-B2-G
26729,L256 ULTRA 72/62 BLACK MAT,L256 ULTRA 72/62 BLACK MAT
5900,KEDR  ручка на кр. розетці R10.035-AL-SN/CP,KEDR ручка на кр. розетке R10.035-AL-SN/CP
537,CLASS Ущільнювач  D 10*12mm  (чорний) 50м/рулон,CLASS Уплотнитель D 10*12mm (черный) 50м/рулон
1379,KEDR  циліндр ZINK M80 ZCN (45T*35),KEDR цилиндр ZINK M80 ZCN (45T*35)
1380,KEDR  циліндр ZINK M90 ZCN (45T*45),KEDR цилиндр ZINK M90 ZCN (45T*45)
1393,KEDR  циліндр ZINK M90 ZCN (35T*55),KEDR цилиндр ZINK M90 ZCN (35T*55)
1394,KEDR циліндр ZINK M90 ZN (35*55),KEDR цилиндр ZINK M90 ZN (35*55)
1448,KEDR циліндр ZINK M70 ZN (40*30),KEDR цилиндр ZINK M70 ZN (40*30)
1472,KEDR ручка-кноб  D672BK - SS,KEDR ручка-кноб D672BK - SS
7318,GWK циліндр GSM7000 M90 ZN (40*50),GWK цилиндр GSM7000 M90 ZN (40*50)
7319,GWK циліндр GSM7000 M90 ZN (45*45),GWK цилиндр GSM7000 M90 ZN (45*45)
7455,KICO SQUARE замок висячий в блістері (50мм),KICO SQUARE замок навесной в блистере (50мм)
8315,KEDR циліндр BRASS M90 ZCG (30T*60) brass key,KEDR цилиндр BRASS M90 ZCG (30T*60) brass key
8316,KEDR циліндр BRASS M90 ZCG (30*60T) brass key,KEDR цилиндр BRASS M90 ZCG (30*60T) brass key
8317,KEDR циліндр BRASS M90 ZCG (35*55T) brass key,KEDR цилиндр BRASS M90 ZCG (35*55T) brass key
8318,KEDR циліндр BRASS M90 ZCG (35T*55) brass key,KEDR цилиндр BRASS M90 ZCG (35T*55) brass key
23861,KEDR циліндр BRASS M90 ZCN (40T*50) brass key,KEDR цилиндр BRASS M90 ZCN (40T*50) brass key
25816,Заготовка ключа brass ключ-поворотник,Заготовка ключа brass ключ-поворотник
25876,Заготовка ключа GWK7000,Заготовка ключа GWK7000
26467,CLASS Замок врізний з ручками 1026-M60-AB (A),CLASS Замок врезной с ручками 1026-M60-AB (A)
7584,CLASS Ущільнювач TPE (Білий силіконовий 125м),CLASS Уплотнитель TPE (Белый силиконовый 125м)
26468,CLASS Замок врізний з ручками 1026-M60-CR (A),CLASS Замок врезной с ручками 1026-M60-CR (A)
26470,CLASS Замок врізний з ручками 2223-M70 G (A),CLASS Замок врезной с ручками 2223-M70 G(A)
26502,KEDR  AL ручка на планці 55.323 (планка 37мм)-S,KEDR AL ручка на планке 55323 (планка 37мм)-S
7933,Девіатор 861,Девиатор 861
8239,Завіса KEDR 100*62-Graffit-L,Петля KEDR 100*62-Graffit-L
8291,KEDR  накл на циліндр HRoz-0601 ЕТ-AL-SN/CP,KEDR накл на цилиндр HRoz-0601 ЕТ-AL-SN/CP
8292,KEDR  накл. на циліндр HRoz-0701 ЕТ-AL-SN/CP,KEDR накл. на цилиндр HRoz-0701 ЭТ-AL-SN/CP
8293,CLASS  Корпус замка 2800 AB (тех. пакування),CLASS Корпус замка 2800 AB (тех. упаковка)
8295,KEDR циліндр BRASS M70 ZG (40*30) brass key,KEDR цилиндр BRASS M70 ZG (40*30) brass key
8296,KEDR циліндр BRASS M70 ZCG (40*30T) brass key,KEDR цилиндр BRASS M70 ZCG (40*30T) brass key
8297,KEDR циліндр BRASS M70 ZCG (40T*30) brass key,KEDR цилиндр BRASS M70 ZCG (40T*30) brass key
8298,KEDR циліндр BRASS M80 ZG (40*40) brass key,KEDR цилиндр BRASS M80 ZG (40*40) brass key
8299,KEDR циліндр BRASS M80 ZG (45*35) brass key,KEDR цилиндр BRASS M80 ZG (45*35) brass key
8300,KEDR циліндр BRASS M80 ZN (45*35) brass key,KEDR цилиндр BRASS M80 ZN (45*35) brass key
8301,KEDR циліндр BRASS M80 ZCG (40T*40) brass key,KEDR цилиндр BRASS M80 ZCG (40T*40) brass key
8302,KEDR циліндр BRASS M80 ZCG (45*35T) brass key,KEDR цилиндр BRASS M80 ZCG (45*35T) brass key
8303,KEDR циліндр BRASS M80 ZCG (45T*35) brass key,KEDR цилиндр BRASS M80 ZCG (45T*35) brass key
8304,KEDR циліндр BRASS M80 ZN (50*30) brass key,KEDR цилиндр BRASS M80 ZN (50*30) brass key
8305,KEDR циліндр BRASS M80 ZCN (50*30T) brass key,KEDR цилиндр BRASS M80 ZCN (50*30T) brass key
8306,KEDR циліндр BRASS M80 ZCN (50T*30) brass key,KEDR цилиндр BRASS M80 ZCN (50T*30) brass key
8307,KEDR циліндр BRASS M85 ZN (53*32) brass key,KEDR цилиндр BRASS M85 ZN (53*32) brass key
8308,KEDR циліндр BRASS M90 ZG (35*55) brass key,KEDR цилиндр BRASS M90 ZG (35*55) brass key
8309,KEDR циліндр BRASS M90 ZG (45*45) brass key,KEDR цилиндр BRASS M90 ZG (45*45) brass key
8310,KEDR циліндр BRASS M90 ZG (30*60) brass key,KEDR цилиндр BRASS M90 ZG (30*60) brass key
8311,KEDR циліндр BRASS M90 ZG (40*50) brass key,KEDR цилиндр BRASS M90 ZG (40*50) brass key
8312,KEDR циліндр BRASS M90 ZCG (45*45T) brass key,KEDR цилиндр BRASS M90 ZCG (45*45T) brass key
284,CLASS Ущільнювач PU V 13*9mm  (чорний 600 м),CLASS Уплотнитель PU V 13*9mm (черный 600 м)
359,KEDR  ручка на кр. розетці HRoz-07.038-AL-S/Cr,KEDR ручка на кр. розетке HRoz-07.038-AL-S/Cr
360,KEDR  ручка на кр. розетці HRoz-07.045-AL-AB,KEDR ручка на кр. розетке HRoz-07.045-AL-AB
362,KEDR  ручка на кр. розетці HRoz-07.045-AL-S/Cr,KEDR ручка на кр. розетке HRoz-07.045-AL-S/Cr
365,KEDR  ручка на кр. розетці HRoz-07.092-AL-AB,KEDR ручка на кр. розетке HRoz-07.092-AL-AB
366,KEDR  ручка на кр. розетці HRoz-07.092-AL-S/Cr,KEDR ручка на кр. розетке HRoz-07.092-AL-S/Cr
428,CLASS  Замок сувальдний 800,CLASS Замок сувальдный 800
544,KEDR ручка на планці 62.323 WC GP/SN,KEDR ручка на планке 62.323 WC GP/SN
564,KEDR  ручка на кв. розетці HRoz-06.081-AL-SN/CP,KEDR ручка на кв. розетке HRoz-06.081-AL-SN/CP
697,KEDR (ALU) ручка на планці 42-323-CR-L AL,KEDR (ALU) ручка на планке 42-323-CR-L AL
1231,CLASS Замок врізний з ручками 1023-M60-G,CLASS Замок врезной с ручками 1023-M60-G
1232,CLASS Замок врізний з ручками 1023-M60-AB,CLASS Замок врезной с ручками 1023-M60-AB
1233,KEDR  ручка на кр. розетці R10.045-AL-MACC,KEDR ручка на кр. розетке R10.045-AL-MACC
1234,CLASS Замок врізний з ручками 1026-M60-AB,CLASS Замок врезной с ручками 1026-M60-AB
1245,KEDR дотягувач А062 (60-85кг) Коричневий,KEDR доводчик А062 (60-85кг) Коричневый
1260,Завіса KEDR приварна 20*142 (шт.) (без регулювання),Петля KEDR приварная 20*142 (шт.) (без регулировки)
1262,KEDR Ручка на розсувні двері (пара) AB,KEDR Ручка на раздвижную дверь (пара) AB
1264,KEDR Ручка на розсувні двері (пара) SN,KEDR Ручка на раздвижную дверь (пара) SN
1298,KEDR ручка на планці 62.363 WC SN/CP,KEDR ручка на планке 62.363 WC SN/CP
1299,KEDR ручка на планці 62.364 WC SN/CP,KEDR ручка на планке 62.364 WC SN/CP
1300,KEDR ручка на планці 62.323 WC SN/CP,KEDR ручка на планке 62.323 WC SN/CP
1305,KEDR ручка на планці AL MINI 61.364 SN/CP,KEDR ручка на планке AL MINI 61364 SN/CP
1307,KEDR ручка на планці AL MINI 61.363  AB,KEDR ручка на планке AL MINI 61363 AB
1308,KEDR ручка на планці AL MINI 61.326 S/CR,KEDR ручка на планке AL MINI 61326 S/CR
1311,CLASS Замок врізний з ручками 1523-M60-G,CLASS Замок врезной с ручками 1523-M60-G
1312,CLASS Замок врізний з ручками 1523-M60-CP,CLASS Замок врезной с ручками 1523-M60-CP
1321,CLASS 251 WC міжкімнатний м-м АВ,CLASS 251 WC межкомнатный м-м АВ
1322,Завіса KEDR ввертна D14*80,Петля KEDR штыревая D14*80
1327,CLASS Броненакладка DEF 5026 GP,CLASS Броненакладка DEF 5026 GP
1328,CLASS Броненакладка DEF 5026 NI,CLASS Броненакладка DEF 5026 NI
1329,KEDR Чашка під броненакладку СV01-10-69   AB,KEDR Чашка под броненакладку СV01-10-69 AB
1330,KEDR Чашка під броненакладку СV01-10-69   CR,KEDR Чашка под броненакладку CV01-10-69 CR
1331,KEDR Чашка під броненакладку СV01-10-69   PB,KEDR Чашка под броненакладку СV01-10-69 PB
1334,KEDR Чашка під броненакладку CV01-16-69 PB,KEDR Чашка под броненакладку CV01-16-69 PB
1335,KEDR  ручка на кр. розетці R10.1313-AL-MACC,KEDR ручка на кр. розетке R10.1313-AL-MACC
1353,CLASS  small 9011 SQUARE CP,CLASS small 9011 SQUARE CP
1364,CLASS MAGNET WC 410B-S магнітний механізм замка NI,CLASS MAGNET WC 410B-S магнитный механизм замка NI
1365,CLASS MAGNET WC 410B-S магнітний механізм замка PB,CLASS MAGNET WC 410B-S магнитный механизм замка PB
1369,KEDR  ручка на кв. розетці R08.150-AL-SN/CP,KEDR ручка на кв. розетке R08.150-AL-SN/CP
1370,KEDR  ручка на кр. розетці R51.033-AL-MACC,KEDR ручка на кр. розетке R51.033-AL-MACC
1372,KEDR циліндр ZINK M80 ZN (40*40),KEDR цилиндр ZINK M80 ZN (40*40)
1373,KEDR циліндр ZINK M80 ZN (45*35),KEDR цилиндр ZINK M80 ZN (45*35)
1374,KEDR  циліндр ZINK M60 ZC (30T*30),KEDR цилиндр ZINK M60 ZC (30T*30)
1375,KEDR  циліндр ZINK M70 ZC (35T*35),KEDR цилиндр ZINK M70 ZC (35T*35)
1376,KEDR  циліндр ZINK M70 ZCN (35T*35),KEDR цилиндр ZINK M70 ZCN (35T*35)
1378,KEDR  циліндр ZINK M80 ZCN (40T*40),KEDR цилиндр ZINK M80 ZCN (40T*40)
1381,KEDR циліндр ZINK M70 ZN (35*35),KEDR цилиндр ZINK M70 ZN (35*35)
8313,KEDR циліндр BRASS M90 ZCG (40*50T) brass key,KEDR цилиндр BRASS M90 ZCG (40*50T) brass key
1382,KEDR  накл. поворотна на фіксатор BK5105-MACC,KEDR накл. поворотная на фиксатор BK5105-MACC
1388,CLASS Ущільнювач  D 9*7.5mm  (Коричневий),CLASS Уплотнитель D 9*7.5mm (коричневый)
1391,CLASS CAP D14*46 AB,CLASS CAP D14*46 AB
1392,CLASS CAP D14*46 SN,CLASS CAP D14*46 SN
1395,KEDR  циліндр ZINK M60 ZCN (30T*30),KEDR цилиндр ZINK M60 ZCN (30T*30)
1397,KEDR Замок висячий в гумовому чохлі  HG 375 (50мм),KEDR замок навесной в резиновом чехле HG 375 (50мм)
1420,KEDR ручка на планці 62.1313 WC AB,KEDR ручка на планке 62.1313 WC AB
1421,KEDR ручка на планці AL MINI 61.1313  AB,KEDR ручка на планке AL MINI 61.1313 AB
1434,CLASS  Замок сувальдний 1082 L тех. пакування ДОВГІ ключі,CLASS Сувальдный замок 1082 L тех. упаковка Длинные ключи
1437,KEDR циліндр ZINK M60 ZN (30*30),KEDR цилиндр ZINK M60 ZN (30*30)
1438,KEDR циліндр ZINK M60 Z (30*30),KEDR цилиндр ZINK M60 Z (30*30)
1439,KEDR циліндр ZINK M70 Z (35*35),KEDR цилиндр ZINK M70 Z (35*35)
1449,KEDR циліндр ZINK M90 ZN (45*45),KEDR цилиндр ZINK M90 ZN (45*45)
1450,KEDR  циліндр ZINK M60 ZCAB (30T*30),KEDR цилиндр ZINK M60 ZCAB (30T*30)
1470,KEDR ручка-кноб  D672BK - AB,KEDR ручка-кноб D672BK - AB
1471,KEDR ручка-кноб  D672BK - SB,KEDR ручка-кноб D672BK - SB
1473,KEDR ручка-кноб  D672ET - AB,KEDR ручка-кноб D672ET - AB
1474,KEDR ручка-кноб  D672ET - SB,KEDR ручка-кноб D672ET - SB
1475,KEDR ручка-кноб  D672ET - SS,KEDR ручка-кноб D672ET - SS
1479,KEDR  ручка на кв. розетці R08.157-AL-AB,KEDR ручка на кв. розетке R08.157-AL-AB
1480,KEDR  ручка на кв. розетці R08.157-AL-SN/CP,KEDR ручка на кв. розетке R08.157-AL-SN/CP
1481,KEDR  ручка на кв. розетці R08.348-AL-SN/CP,KEDR ручка на кв. розетке R08.348-AL-SN/CP
1806,CLASS Броненакладка Z-1021 NP,CLASS Броненакладка Z-1021 NP
1886,CLASS small 9011-3R CP,CLASS small 9011-3R CP
1923,CLASS Відбійник 002 GP,CLASS Отбойник 002 GP
1924,CLASS Відбійник 002 SN,CLASS Отбойник 002 SN
1925,CLASS Відбійник 014 SN,CLASS Отбойник 014 SN
1927,CLASS Відбійник 014 AB,CLASS Отбойник 014 AB
1928,CLASS Відбійник 014 GP,CLASS Отбойник 014 GP
1934,CLASS Відбійник 015 GP,CLASS Отбойник 015 GP
1938,CLASS Замок врізний з ручками 1026-M60-GM/G,CLASS Замок врезной с ручками 1026-M60-GM/G
1941,KEDR  ручка на кв. розетці R08.045-AL-SN/CP,KEDR ручка на кв. розетке R08.045-AL-SN/CP
1944,CLASS Замок врізний з ручками 1023-M60-NI,CLASS Замок врезной с ручками 1023-M60-NI
2064,KEDR  ручка на кв. розетці R08.142-AL-SN/CP,KEDR ручка на кв. розетке R08.142-AL-SN/CP
2065,KEDR  накладка на циліндр ET1001-MACC,Накладка KEDR на цилиндр ET1001-MACC
2066,KEDR  ручка на кр. розетці R10.023-AL-MACC,KEDR ручка на кр. розетке R10.023-AL-MACC
2067,KEDR  ручка на кр. розетці R10.064-AL-MACC,KEDR ручка на кр. розетке R10.064-AL-MACC
2068,KEDR  ручка на кр. розетці R10.080-AL-MACC,KEDR ручка на кр. розетке R10.080-AL-MACC
2070,KEDR  ручка на кв. розетці R08.142-AL-AB,KEDR ручка на кв. розетке R08.142-AL-AB
2172,KEDR  ручка на кр. розетці R10.001-MATRIX-SN/CP,KEDR ручка на кр. розетке R10.001-MATRIX-SN/CP
2183,CLASS Броненакладка Е 1021 CP (порожня),CLASS Броненакладка Е 1021 CP (пустая)
2190,KEDR ручка на планці AL MINI 61.1313  МАСС,KEDR ручка на планке AL MINI 61.1313 МАСС
2195,KEDR DV204 вічко 30-60 AB,KEDR DV204 ячейка 30-60 AB
2196,KEDR DV204 вічко 60-90 AB square,KEDR DV204 ячейка 60-90 AB square
2272,CLASS Броненакладка QVADRO PROTECT SN,CLASS Броненакладка QVADRO PROTECT SN
2398,Замок висячий сталевий ЗНC-55 (6кл),Замок навесной стальной ЗНC-55 (6 кл)
2399,Замок висячий сталевий ЗНC-55-Д (6кл),Замок навесной стальной ЗНC-55-Д (6 кл)
2636,KEDR ET5026-AB (пара),KEDR ET5026-AB (пара)
2639,KEDR ET5026-GP (пара),KEDR ET5026-GP (пара)
2679,KEDR  циліндр ZINK M100 ZCN (50T*50),KEDR цилиндр ZINK M100 ZCN (50T*50)
2763,KEDR  ручка на кв. розетці R08.084-AL-Graffit,KEDR ручка на кв. розетке R08.084-AL-Graffit
2764,KEDR  ручка на кв. розетці R08.084-Al-SN/CP,KEDR ручка на кв. розетке R08.084-Al-SN/CP
3024,KEDR циліндр електроний L4-SR з відкриттям від відбитку пальця та пультом керування,KEDR цилиндр электронный L4-SR с открытием отпечатка пальца и пультом управления
3065,KEDR  ручка на кв. розетці HRoz-06.045-AL-AB,KEDR ручка на кв. розетке HRoz-06.045-AL-AB
3066,CLASS Броненакладка QVADRO PROTECT Graffit,CLASS Броненакладка QVADRO PROTECT Graffit
3167,CLASS Замок врізний з ручками 2223-M70 AB,CLASS Замок врезной с ручками 2223-M70 AB
3168,CLASS Замок врізний з ручками 2223-M70 G,CLASS Замок врезной с ручками 2223-M70 G
3193,CLASS  Замок сувальдний 1082,CLASS Замок сувальдный 1082
3203,CLASS  Замок сувальдний 700,CLASS Замок сувальдный 700
3292,Завіса KEDR 100*75*2.5-B4-Graffit,Занавес KEDR 100*75*2.5-B4-Graffit
3294,CLASS 410B міжкімнатний м-м  Graffit,CLASS 410B межкомнатный м-м Graffit
3297,CLASS Ущільнювач PU V 13*9mm  (Білий 600 м),CLASS Уплотнитель PU V 13*9mm (Белый 600 м)
3298,CLASS  410B-S KEVLAR механізм замка  Graffit,CLASS 410B-S KEVLAR механизм замка Graffit
3312,Завіса KEDR 100*75-Graffit-L,Занавес KEDR 100*75-Graffit-L
3313,Завіса KEDR 100*75-Graffit-R,Занавес KEDR 100*75-Graffit-R
3317,KEDR квадрат 160*8*8мм з насічками,KEDR квадрат 160*8*8мм с насечками
3466,CLASS Замок врізний з ручками 2223-M70 NI,CLASS Замок врезной с ручками 2223-M70 NI
3495,KEDR  ручка на кр. розетці R10.050-AL-SN/CP,KEDR ручка на кр. розетке R10.050-AL-SN/CP
3834,KEDR Чашка під броненакладку CV01-16-69 SN,KEDR Чашка под броненакладку CV01-16-69 SN
3973,CLASS  1739 ZP (замок протипожежний),CLASS 1739 ZP (замок противопожарный)
4009,KEDR  AL ручка на планці 85.0423 CP (ALUMO),KEDR AL ручка на планке 85.0423 CP (ALUMO)
4130,Замок висячий ЗНА-55 (6кл),Замок навесной ЗНА-55 (6 кл)
4131,Замок висячий ЗНА-80 (6кл),Замок навесной ЗНА-80 (6 кл)
87,KEDR  ручка на кв. розетці HRoz-06.140-AL-AB,KEDR ручка на кв. розетке HRoz-06.140-AL-AB
383,CLASS  ET 08 накладка сувальдна AB,CLASS ET 08 накладка сувальдная AB
4867,KEDR   циліндр M120 ZCN (60T*60) ALU,KEDR цилиндр M120 ZCN (60T*60) ALU
4868,KEDR   циліндр M110 ZCN (55T*55) ALU,KEDR цилиндр M110 ZCN (55T*55) ALU
4869,GWK циліндр GSM7000 M70 ZCN (35T*35),GWK цилиндр GSM7000 M70 ZCN (35T*35)
4871,CLASS Замок на китай. двері квадрат. ригель (А18) R,CLASS Замок на Китай. дверь квадрат. ригель (А18) R
4872,CLASS Замок на китай. двері круг. ригель (А14) L,CLASS Замок на Китай. дверь круг. ригель (А14) L
4917,KEDR  накладка на циліндр ET 08-01-SN/CP,Накладка KEDR на цилиндр ET 08-01-SN/CP
4972,GWK циліндр GSM7000 M100 ZCN (50T*50),GWK цилиндр GSM7000 M100 ZCN (50T*50)
4973,GWK циліндр GSM7000 M70 ZCN (40T*30),GWK цилиндр GSM7000 M70 ZCN (40T*30)
4974,GWK циліндр GSM7000 M80 ZCN (40T*40),GWK цилиндр GSM7000 M80 ZCN (40T*40)
4975,GWK циліндр GSM7000 M90 ZCN (45T*45),GWK цилиндр GSM7000 M90 ZCN (45T*45)
4977,GWK циліндр GSM7000 M80 ZCN (45T*35),GWK цилиндр GSM7000 M80 ZCN (45T*35)
4978,KEDR   циліндр M100 ZCN (50T*50) ALU,KEDR цилиндр M100 ZCN (50T*50) ALU
4979,CLASS Замок на китай. двері квадрат. ригель (А18) L,CLASS Замок на Китай. дверь квадрат. ригель (А18) L
4980,CLASS Замок на китай. двері круг. ригель (А14) R,CLASS Замок на Китай. дверь круг. ригель (А14) R
5173,Замок висячий ЗНА-55П-Д (6кл),Замок навесной ЗНА-55П-Д (6 кл)
5282,KEDR  ручка на кв. розетці R08.144-AL-SN/CP,KEDR ручка на кв. розетке R08.144-AL-SN/CP
5323,GWK циліндр GSM7000 M110 ZCN (55T*55),GWK цилиндр GSM7000 M110 ZCN (55T*55)
5963,KEDR дотягувач А051 (25-50кг) Білий,KEDR доводчик А051 (25-50кг) Белый
5520,KEDR  ручка на кр. розетці HRoz-07.023-AL-AB,KEDR ручка на кр. розетке HRoz-07.023-AL-AB
5522,KEDR  ручка на кр. розетці HRoz-07.023-AL-S/CR,KEDR ручка на кр. розетке HRoz-07.023-AL-S/CR
5525,KEDR  ручка на кр. розетці HRoz-07.026-AL-S/CR,KEDR ручка на кр. розетке HRoz-07.026-AL-S/CR
5527,KEDR  ручка на кр. розетці HRoz-07.035-AL-S/Cr,KEDR ручка на кр. розетке HRoz-07.035-AL-S/Cr
5531,KEDR Ручка на планці AL 85.323-Cr,KEDR Ручка на планке AL 85.323-Cr
5532,KEDR Ручка на планці AL 85.323-S,KEDR Ручка на планке AL 85.323-S
5849,KEDR Ручка на планці AL 85.326-AB,KEDR Ручка на планке AL 85.326-AB
5901,KEDR  ручка на кр. розетці R10.039-AL-AB,KEDR ручка на кр. розетке R10.039-AL-AB
5902,KEDR  ручка на кр. розетці R10.039-AL-PB,KEDR ручка на кр. розетке R10.039-AL-PB
5903,KEDR  ручка на кр. розетці R10.039-AL-SN/CP,KEDR ручка на кр. розетке R10.039-AL-SN/CP
5931,Замок висячий ЗНА-80 (3кл),Замок висячий ЗНА-80 (3кл)
5958,KEDR DV204 вічко 30-60 CP,KEDR DV204 ячейка 30-60 CP
5961,KEDR DV204 вічко 60-90 CP,KEDR DV204 ячейка 60-90 CP
5964,KEDR дотягувач А051 (25-50кг) Сірий,KEDR доводчик А051 (25-50кг) Серый
5967,KEDR дотягувач А062 (60-85кг) Сірий,KEDR доводчик А062 (60-85кг) Серый
5968,KEDR дотягувач А062 (60-85кг) Білий,KEDR доводчик А062 (60-85кг) Белый
5969,KEDR дотягувач А082 (80-120кг) Сірий,KEDR доводчик А082 (80-120кг) Серый
5970,KEDR дотягувач А082 (80-120кг) Білий,KEDR доводчик А082 (80-120кг) Белый
5974,CLASS  Замок з хрестообр. ключем 189-4MF (5кл.),CLASS Замок с крестообр. ключом 189-4MF (5кл.)
5975,CLASS  Замок з хрестообр. ключем 900 АF (156F 5кл.),CLASS Замок с крестообр. ключом 900 АF (156F 5кл.)
5986,CLASS Корпус замка 155-35 (валець),CLASS Корпус замка 155-35 (валец)
5987,.CLASS 008 Замок сувальдний межось. 55мм,.CLASS 008 Замок сувальдный межось. 55мм
5989,.KEDR 008 Ручка сувальдн. Коричнева межось. 55мм,.KEDR 008 Ручка сувальдная Коричневая межосевое. 55мм
37,KEDR  ручка на кв. розетці HRoz-06.103-AL-AB,KEDR ручка на кв. розетке HRoz-06.103-AL-AB
58,KEDR  ручка на кв. розетці R67-MODA-Graffit,KEDR ручка на кв. розетке R67-MODA-Graffit
60,KEDR  ручка на кв. розетці R08.148-AL-SN/CP,KEDR ручка на кв. розетке R08.148-AL-SN/CP
61,KEDR  ручка на кв. розетці R08.149-AL-SN/CP,KEDR ручка на кв. розетке R08.149-AL-SN/CP
65,Завіса KEDR FLUSH 100x63x2.0mm-2BB-Graffit   Метелик вузька,Петля KEDR FLUSH 100x63x2.0mm-2BB-Graffit Бабочка узкая
80,KEDR  ручка на кв. розетці HRoz-06.045-AL-SN/CP,KEDR ручка на кв. розетке HRoz-06.045-AL-SN/CP
81,KEDR  ручка на кв. розетці HRoz-06.140-AL-SN/CP,KEDR ручка на кв. розетке HRoz-06.140-AL-SN/CP
82,KEDR  ручка на кв. розетці R08.023-AL-AB,KEDR ручка на кв. розетке R08.023-AL-AB
83,KEDR  ручка на кв. розетці R08.023-AL-SN/CP,KEDR ручка на кв. розетке R08.023-AL-SN/CP
84,KEDR  ручка на кв. розетці R08.160-AL-AB,KEDR ручка на кв. розетке R08.160-AL-AB
86,KEDR  ручка на кв. розетці R08.170-AL-SN/CP,KEDR ручка на кв. розетке R08.170-AL-SN/CP
852,KEDR  накл. поворотна на фіксатор BK 0605-AL-AB,KEDR накл. поворотная на фиксатор BK 0605-AL-AB
858,KEDR  накл. поворотна на фіксатор BK 0605-AL-SN/CP,KEDR накл. поворотная на фиксатор BK 0605-AL-SN/CP
865,KEDR  накл. поворотна на фіксатор BK 0705-AL-AB,KEDR накл. поворотная на фиксатор BK 0705-AL-AB
866,KEDR  накл. поворотна на фіксатор BK 0705-AL-SN/CP,KEDR накл. поворотная на фиксатор BK 0705-AL-SN/CP
875,KEDR  ручка на кв. розетці HRoz-06.120-AL-SN/CP,KEDR ручка на кв. розетке HRoz-06.120-AL-SN/CP
1354,CLASS  small 9011 SQUARE PB,CLASS small 9011 SQUARE PB
1358,KEDR  накладка на циліндр ET5101-MACC,Накладка KEDR на цилиндр ET5101-MACC
1359,KEDR  ручка на кв. розетці R08.130-AL-SN/CP,KEDR ручка на кв. розетке R08.130-AL-SN/CP
1360,CLASS  100 заскочка (KEVLAR) AB,CLASS 100 защелка (KEVLAR) AB
1362,CLASS  100 заскочка (KEVLAR) NI,CLASS 100 защелка (KEVLAR) NI
1363,CLASS MAGNET WC 410B-S магнітний механізм замка AB,CLASS MAGNET WC 410B-S магнитный механизм замка AB
1398,KEDR Замок висячий в гумовому чохлі  HG 376 (63мм),KEDR Замок навесной в резиновом чехле HG 376 (63мм)
1399,KEDR Замок висячий в гумовому чохлі  HG 377 (75мм),KEDR Замок навесной в резиновом чехле HG 377 (75мм)
1400,CLASS вальцева заскочка 155-В,CLASS вальцевая защелка 155-В
1401,CLASS  Корпус замка 189-3M,CLASS Корпус замка 189-3M
1402,CLASS Відбійник SP125 нержавіючий,CLASS Отбойник SP125 нержавеющий
1417,KEDR  ручка на кв. розетці R08.140-AL-SN/CP,KEDR ручка на кв. розетке R08.140-AL-SN/CP
1418,KEDR  ручка на кр. розетці R10.1313-AL-AB,KEDR ручка на кр. розетке R10.1313-AL-AB
1510,KEDR Квадрат 105 мм,KEDR Квадрат 105 мм
1389,CLASS Ущільнювач  E 9*4mm  (Коричневий) NoName,CLASS Уплотнитель E 9*4mm (коричневый) NoName
1852,KEDR AL ручка на планці 077.323-CP (на Гардіан 1011),KEDR AL ручка на планке 077.323-CP (на Гардиан 1011)
1884,KEDR  AL ручка на планці 85.0123 CP (ALUMO),KEDR AL ручка на планке 85.0123 CP (ALUMO)
1885,CLASS small 9011-3R AB,CLASS small 9011-3R AB
1920,KEDR Квадрат 130*8*8 мм,KEDR Квадрат 130*8*8 мм
1921,KEDR Квадрат 150*8*8 мм,KEDR Квадрат 150*8*8 мм
1922,CLASS Відбійник 002 AB,CLASS Отбойник 002 AB
2181,CLASS Броненакладка Z 1021 CP (тех. пакування),CLASS Броненакладка Z 1021 CP (тех. упаковка)
2182,KEDR  накладка на циліндр ET 08-01- Graffit,KEDR накладка на цилиндр ET 08-01-Graffit
2187,KEDR  ручка на кв. розетці R08.144-AL-Graffit,KEDR ручка на кв. розетке R08.144-AL-Graffit
2188,KEDR  накл. поворотна на фіксатор BK 08-05-Graffit,KEDR накл. поворотная на фиксатор BK 08-05-Graffit
2189,KEDR ручка на планці 62.1313 WC МАСС,KEDR ручка на планке 62.1313 WC МАСС
2397,Замок висячий сталевий ЗНC-55 (3кл),Замок навесной стальной ЗНC-55 (3 кл)
2186,KEDR  ручка на кв. розетці R08.142-AL-Graffit,KEDR ручка на кв. розетке R08.142-AL-Graffit
3496,KEDR  ручка на кр. розетці R10.050-AL-SB/PB,KEDR ручка на кр. розетке R10.050-AL-SB/PB
3500,KEDR  накл. поворотна на фіксатор BK 08-05-AB,KEDR накл. поворотная на фиксатор BK 08-05-AB
3528,KEDR  накладка на циліндр ET 08-01-AB,KEDR накладка на цилиндр ET 08-01-AB
5533,KEDR Ручка на планці AL 85.326-S/Cr,KEDR Ручка на планке AL 85.326-S/Cr
5847,KEDR Ручка на планці AL 85.323-G,KEDR Ручка на планке AL 85.323-G
5848,KEDR Ручка на планці AL 85.323-AB,KEDR Ручка на планке AL 85.323-AB
5858,CLASS Корпус замка 153-20,CLASS Корпус замка 153-20
5860,CLASS Корпус замка 153-25,CLASS Корпус замка 153-25
5882,KEDR  накл. поворотна на фіксатор BK1005-PB,KEDR накл. поворотная на фиксатор BK1005-PB
5883,KEDR  накл. поворотна на фіксатор BK1005-SB/PB,KEDR накл. поворотная на фиксатор BK1005-SB/PB
5886,KEDR  накладка на циліндр ET1001-AB,Накладка KEDR на цилиндр ET1001-AB
5887,KEDR  накладка на циліндр ET1001-PB,Накладка KEDR на цилиндр ET1001-PB
5888,KEDR  накладка на циліндр ET1001-SB/PB,Накладка KEDR на цилиндр ET1001-SB/PB
5897,KEDR  ручка на кр. розетці R10.026-AL-SB/PB,KEDR ручка на кр. розетке R10.026-AL-SB/PB
5898,KEDR  ручка на кр. розетці R10.026-AL-SN/CP,KEDR ручка на кр. розетке R10.026-AL-SN/CP
5965,KEDR дотягувач А061 (45-75кг) Сірий,KEDR дотягиватель А061 (45-75кг) Серый
5966,KEDR дотягувач А061 (45-75кг) Білий,KEDR дотягиватель А061 (45-75кг) Белый
5979,CLASS small 9011-3R PB,CLASS small 9011-3R PB
5980,CLASS Корпус замка 153-30,CLASS Корпус замка 153-30
5981,CLASS Корпус замка 153-35,CLASS Корпус замка 153-35
5982,CLASS Корпус замка 153P-20 (16mm),CLASS Корпус замка 153P-20 (16mm)
5983,CLASS Корпус замка 153P-25 (16mm),CLASS Корпус замка 153P-25 (16mm)
5984,CLASS Корпус замка 153P-30 (16mm),CLASS Корпус замка 153P-30 (16mm)
5985,CLASS Корпус замка 155-30 (валець),CLASS Корпус замка 155-30 (валец)
5992,KEDR-CLASS  шпінгалет торцевий 140mm CP,KEDR-CLASS шпингалет торцевой 140mm CP
5993,KEDR Атлант накладний,KEDR Атлант накладной
5994,KEDR кодовий 40мм,KEDR кодовый 40мм
6001,KEDR INNOX HR05 (накладки),KEDR INNOX HR05 (накладки)
6003,KEDR INNOX PP203 (б/накладок),KEDR INNOX PP203 (б/накладок)
6004,KEDR INNOX PP205 (б/накладок),KEDR INNOX PP205 (б/накладок)
6109,CLASS 101 засувка АВ,CLASS 101 защелка
6014,KEDR (ALU) ручка на планці 42-323-CR-R AL,KEDR (ALU) ручка на планке 42-323-CR-R AL
6100,CLASS Корпус замка 257-C-(євро додатковий),CLASS Корпус замка 257-C-(евро дополнительный)
6104,CLASS  Замок сувальдний 257L (сувальдний),CLASS Сувальдный замок 257L (сувальдный)
6107,CLASS замок сувальдний 1011 SN,CLASS сувальдный замок 1011 SN
6110,CLASS 101 засувка G,CLASS 101 защелка
6111,CLASS 101 засувка NI,CLASS 101 защелка NI
6113,CLASS  100 заскочка (металева) G,CLASS 100 защелка (металлическая) G
6115,CLASS 170 WC (KEVLAR) AB міжкімнатний м-м з фіксатором,CLASS 170 WC (KEVLAR) AB межкомнатный м-м с фиксатором
6116,CLASS 170 WC G міжкімнатний м-м з фіксатором,CLASS 170 WC G межкомнатный м-м с фиксатором
6117,CLASS 170 WC NI міжкімнатний м-м з фіксатором,CLASS 170 WC NI межкомнатный м-м с фиксатором
6121,CLASS 410C механізм замка (межось. 85мм) AB,CLASS 410C механизм замка (между. 85мм) AB
6122,CLASS 410C механізм замка (межось. 85мм) G,CLASS 410C механизм замка (между. 85мм) G
6123,CLASS 410C механізм замка (межось. 85мм) NI,CLASS 410C механизм замка (между. 85мм) NI
6125,CLASS  410C-S KEVLAR механізм замка  G,CLASS 410C-S KEVLAR механизм замка G
6126,CLASS  410C-S KEVLAR механізм замка  AB,CLASS 410C-S KEVLAR механизм замка AB
6127,CLASS 410B міжкімнатний м-м  AB,CLASS 410B межкомнатный м-м AB
6128,CLASS 410B міжкімнатний м-м  NI,CLASS 410B межкомнатный м-м NI
6129,CLASS 410B міжкімнатний м-м  G,CLASS 410B межкомнатный м-м G
6130,CLASS  410B-S KEVLAR механізм замка  AB,CLASS 410B-S KEVLAR механизм замка AB
6131,CLASS  410B-S KEVLAR механізм замка NI,CLASS 410B-S KEVLAR механизм замка NI
6132,CLASS  410B-S KEVLAR механізм замка  G,CLASS 410B-S KEVLAR механизм замка G
6135,KEDR-CLASS 256 засувка механiзм CR,KEDR-CLASS 256 защелка механизм CR
6138,KEDR-CLASS  360-CR засувка торцева,KEDR-CLASS 360-CR защелка торцевая
6140,Завіса KEDR 100*62-AB-L,Петля KEDR 100*62-AB-L
6141,Завіса KEDR 100*62-AB-R,Петля KEDR 100*62-AB-R
6142,Завіса KEDR 100*62-CR-R,Петля KEDR 100*62-CR-R
6143,Завіса KEDR 100*62-CR-L,Петля KEDR 100*62-CR-L
6144,Завіса KEDR 100*62-G-R,Петля KEDR 100*62-G-R
6145,Завіса KEDR 100*62-G-L,Петля KEDR 100*62-G-L
6146,Завіса KEDR 100*62-S-R,Петля KEDR 100*62-S-R
6147,Завіса KEDR 100*62-S-L,Петля KEDR 100*62-S-L
6148,Завіса KEDR 100*75-AB-L,Петля KEDR 100*75-AB-L
6149,Завіса KEDR 100*75-AB-R,Петля KEDR 100*75-AB-R
6150,Завіса KEDR 100*75-CR-R,Петля KEDR 100*75-CR-R
6151,Завіса KEDR 100*75-CR-L,Петля KEDR 100*75-CR-L
6152,Завіса KEDR 100*75-G-R,Петля KEDR 100*75-G-R
6153,Завіса KEDR 100*75-G-L,Петля KEDR 100*75-G-L
6155,Завіса KEDR 100*75-S-L,Петля KEDR 100*75-S-L
6156,Завіса KEDR 100*75*2.5-B4-AB,Петля KEDR 100*75*2.5-B4-AB
6157,Завіса KEDR 100*75*2.5-B4-CR,Петля KEDR 100*75*2.5-B4-CR
6162,Завіса KEDR 125*75-CR-R,Петля KEDR 125*75-CR-R
6174,Завіса KEDR FLUSH 100x75x2.5mm-2BB-AB   Метелик,Петля KEDR FLUSH 100x75x2.5mm-2BB-AB Бабочка
6175,Завіса KEDR FLUSH 100x75x2.5mm-2BB-PB   Метелик,Петля KEDR FLUSH 100x75x2.5mm-2BB-PB Бабочка
7447,KEDR   циліндр M70 ZCN (35T*35) ALU,KEDR цилиндр M70 ZCN (35T*35) ALU
6176,Завіса KEDR FLUSH 100x75x2.5mm-2BB-SN   Метелик,Петля KEDR FLUSH 100x75x2.5mm-2BB-SN Бабочка
6177,KEDR ручка на планці 62.323 WC AB,KEDR ручка на планке 62.323 WC AB
6179,KEDR ручка на планці 62.323 WC G,KEDR ручка на планке 62.323 WC G
6180,KEDR ручка на планці 62.326 WC G,KEDR ручка на планке 62.326 WC G
6181,KEDR ручка на планці 62.326 WC S/CR,KEDR ручка на планке 62.326 WC S/CR
6182,KEDR ручка на планці 62.326 WC AB,KEDR ручка на планке 62.326 WC AB
6183,KEDR ручка на планці AL MINI 61.323  AB,KEDR ручка на планке AL MINI 61323 AB
6184,KEDR ручка на планці AL MINI 61.323  G,KEDR ручка на планке AL MINI 61.323G
6187,KEDR ручка на планці AL MINI 61.326  G,KEDR ручка на планке AL MINI 61.326G
6188,KEDR ручка на планці AL MINI 61.326 AB,KEDR ручка на планке AL MINI 61326 AB
6255,KEDR BW 264 SFB Замок висячий (38мм),KEDR BW 264 SFB Замок навесной (38мм)
6256,KEDR BW 265 SFB Замок висячий (50мм),KEDR BW 265 SFB Замок навесной (50мм)
6257,KEDR BW 266 SFB Замок висячий (63мм),KEDR BW 266 SFB Замок навесной (63мм)
6258,KEDR BW 267 SFB Замок висячий (75мм),KEDR BW 267 SFB Замок навесной (75мм)
6269,KEDR  ручка на кр. розетці R10.035-AL-SN/РВ,KEDR ручка на кр. розетке R10.035-AL-SN/РО
6270,KEDR  ручка на кр. розетці R10.045-AL-SN/CP,KEDR ручка на кр. розетке R10.045-AL-SN/CP
6271,KEDR  ручка на кр. розетці R10.063-AL-SN/CP,KEDR ручка на кр. розетке R10.063-AL-SN/CP
6275,KEDR  ручка на кр. розетці R10.038-AL-SN/CP,KEDR ручка на кр. розетке R10.038-AL-SN/CP
6292,KEDR INNOX HLD-627 300*25 (ручка-скоба-комплект),KEDR INNOX HLD-627 300*25 (ручка-скоба-комплект)
6297,KEDR розсувна система ESW033-100  (100kg),KEDR раздвижная система ESW033-100 (100kg)
6299,KEDR розсувна система ESW338-40  (40kg),KEDR раздвижная система ESW338-40 (40kg)
6300,KEDR рейка 2М  (100kg),KEDR рейка 2М (100kg)
6301,KEDR рейка 2М  (40-80kg),KEDR рейка 2М (40-80kg)
6304,KEDR  ручка на кр. розетці R10.023-AL-SB/PB,KEDR ручка на кр. розетке R10.023-AL-SB/PB
6305,KEDR  ручка на кр. розетці R10.038-AL-SB/PB,KEDR ручка на кр. розетке R10.038-AL-SB/PB
6306,KEDR  ручка на кр. розетці R10.038-AL-AB,KEDR ручка на кр. розетке R10.038-AL-AB
6307,KEDR  ручка на кр. розетці R10.045-AL-AB,KEDR ручка на кр. розетке R10.045-AL-AB
6308,KEDR  ручка на кр. розетці R10.045-AL-PB,KEDR ручка на кр. розетке R10.045-AL-PB
6309,KEDR  ручка на кр. розетці R10.045-AL-SB/PB,KEDR ручка на кр. розетке R10.045-AL-SB/PB
6310,KEDR  ручка на кр. розетці R10.049-AL-SN/CP,KEDR ручка на кр. розетке R10.049-AL-SN/CP
6311,KEDR  ручка на кр. розетці R10.049-AL-SB/PB,KEDR ручка на кр. розетке R10.049-AL-SB/PB
6312,KEDR  ручка на кр. розетці R10.049-AL-AB,KEDR ручка на кр. розетке R10.049-AL-AB
6313,KEDR  ручка на кр. розетці R10.063-AL-SB/PB,KEDR ручка на кр. розетке R10.063-AL-SB/PB
6314,KEDR  ручка на кр. розетці R10.063-AL-AB,KEDR ручка на кр. розетке R10.063-AL-AB
6315,KEDR  ручка на кр. розетці R10.064-AL-SN/CP,KEDR ручка на кр. розетке R10.064-AL-SN/CP
6316,KEDR  ручка на кр. розетці R10.064-AL-SB/PB,KEDR ручка на кр. розетке R10.064-AL-SB/PB
6317,KEDR  ручка на кр. розетці R10.064-AL-AB,KEDR ручка на кр. розетке R10.064-AL-AB
6318,KEDR  ручка на кр. розетці R10.065-AL-SN/CP,KEDR ручка на кр. розетке R10.065-AL-SN/CP
6376,CLASS  Замок сувальдний ЗВ8-8D,CLASS Замок сувальдный ЗВ8-8D
6380,KEDR Накладка сувальдна Т917АВ (Комплект),KEDR Накладка сувальдная Т917АВ (Комплект)
6381,KEDR Накладка сувальдна Т917СР (Комплект),KEDR Накладка сувальдная Т917СР (Комплект)
6382,KEDR Накладка сувальдна Т917GР (Комплект),KEDR Накладка сувальдная Т917GР (Комплект)
6439,CLASS 251 WC міжкімнатний м-м CP,CLASS 251 WC межкомнатный м-м CP
6440,CLASS 251 WC міжкімнатний м-м GP,CLASS 251 WC межкомнатный м-м GP
6489,KEDR Чашка під броненакладку CV01-16-69 AB,KEDR Чашка под броненакладку CV01-16-69 AB
6605,CLASS Броненакладка Z-1021 AB,CLASS Броненакладка Z-1021 AB
6737,KEDR  ручка на кр. розетці R10.092-AL-SN/CP,KEDR ручка на кр. розетке R10.092-AL-SN/CP
6738,KEDR  ручка на кр. розетці R10.092-AL-AB,KEDR ручка на кр. розетке R10.092-AL-AB
6739,KEDR  ручка на кр. розетці R10.092-AL-SB/PB,KEDR ручка на кр. розетке R10.092-AL-SB/PB
6740,KEDR  ручка на кр. розетці R10.080-AL-AB,KEDR ручка на кр. розетке R10.080-AL-AB
6741,KEDR  ручка на кр. розетці R10.080-AL-SB/PB,KEDR ручка на кр. розетке R10.080-AL-SB/PB
6742,KEDR  ручка на кр. розетці R10.080-AL-SN/CP,KEDR ручка на кр. розетке R10.080-AL-SN/CP
6743,Завіса KEDR FLUSH 100x63x2.0mm-2BB-AB   Метелик вузька,Петля KEDR FLUSH 100x63x2.0mm-2BB-AB Бабочка узкая
6744,Завіса KEDR FLUSH 100x63x2.0mm-2BB-PB   Метелик вузька,Петля KEDR FLUSH 100x63x2.0mm-2BB-PB Бабочка узкая
6745,Завіса KEDR FLUSH 100x63x2.0mm-2BB-SN   Метелик вузька,Петля KEDR FLUSH 100x63x2.0mm-2BB-SN Бабочка узкая
6865,KEDR Чашка під броненакладку CV01-16-69 CR,KEDR Чашка под броненакладку CV01-16-69 CR
6875,KEDR DV204 вічко 60-90 AB,KEDR DV204 глазок 60-90 AB
6880,KEDR  ручка на кв. розетці R08.081-AL-AB,KEDR ручка на кв. розетке R08.081-AL-AB
6881,KEDR  ручка на кв. розетці R08.081-AL-SN/CP,KEDR ручка на кв. розетке R08.081-AL-SN/CP
6882,KEDR  ручка на кв. розетці R08.103-AL-AB,KEDR ручка на кв. розетке R08.103-AL-AB
6883,KEDR  ручка на кв. розетці R08.103-AL-SN,KEDR ручка на кв. розетке R08.103-AL-SN
6886,CLASS  Корпус замка 252RR (євро МОНОБЛОК під ручку з відповід.пл. ),CLASS Корпус замка 252RR (евро МОНОБЛОК под ручку с ответ.пл.)
7058,Накладка під сувальдний кл. ОВАЛ БОЛЬШ. CR,Подкладка под сувальдный кл. ОВАЛ БОЛЬШЕ. CR
7059,Накладка під сувальдний кл. ОВАЛ МАЛ. CR,Подкладка под сувальдный кл. ОВАЛ Рис. CR
7062,Накладка під сувальдний кл. ОВАЛ БОЛЬШ. NI (Пластикова шторка),Подкладка под сувальдный кл. ОВАЛ БОЛЬШЕ. NI (Пластиковая шторка)
7063,Накладка під сувальдний кл. ОВАЛ МАЛ. NI (Пластикова шторка),Подкладка под сувальдный кл. ОВАЛ Рис. NI (Пластиковая шторка)
7149,KEDR  накл. поворотна на фіксатор BK62-CUBIK-AB,KEDR накл. поворотная на фиксатор BK62-CUBIK-AB
8314,KEDR циліндр BRASS M90 ZCG (40T*50) brass key,KEDR цилиндр BRASS M90 ZCG (40T*50) brass key
7150,KEDR  накл. поворотна на фіксатор BK62-CUBIK-SN,KEDR накл. поворотная на фиксатор BK62-CUBIK-SN
7151,KEDR  ручка на кр. розетці R10.1313-AL-SN/CP,KEDR ручка на кр. розетке R10.1313-AL-SN/CP
7153,KEDR  ручка на кв. розетці R62-MODA-QUADRA-SN,KEDR ручка на кв. розетке R62-MODA-QUADRA-SN
7154,KEDR  ручка на кв. розетці R62.722-AL-Graffit(UP)/SN,KEDR ручка на кв. розетке R62.722-AL-Graffit(UP)/SN
7155,KEDR  ручка на кв. розетці R62.722-AL-SN(UP)/Graffit,KEDR ручка на кв. розетке R62.722-AL-SN(UP)/Graffit
7156,KEDR  ручка на кв. розетці R62.722-AL-SN/CP,KEDR ручка на кв. розетке R62.722-AL-SN/CP
7158,Завіса прихована ZCG-40KGS - SN (40кг Х 2петл) (шт.),Петля скрытая ZCG-40KGS - SN (40кг Х 2 петли) (шт.)
7166,GWK циліндр GSM5000 M80 ZCN (45T*35),GWK цилиндр GSM5000 M80 ZCN (45T*35)
7168,GWK циліндр GSM5000 M90 ZCN (50T*40),GWK цилиндр GSM5000 M90 ZCN (50T*40)
7169,KEDR Ручка прямокутна на розсувні двері (пара) AB,KEDR Ручка прямоугольная на раздвижную дверь (пара) AB
7170,KEDR Ручка прямокутна на розсувні двері (пара) SN,KEDR Ручка прямоугольная на раздвижную дверь (пара) SN
7174,CLASS 100 заскочка (KEVLAR) ОВАЛ AB,CLASS 100 защелка (KEVLAR) ОВАЛ AB
7176,CLASS 100 заскочка (KEVLAR) ОВАЛ NI,CLASS 100 защелка (KEVLAR) ОВАЛ NI
7184,KEDR  ручка на кв. розетці R08.690-AL-AB,KEDR ручка на кв. розетке R08.690-AL-AB
7185,KEDR  ручка на кв. розетці R08.690-AL-SN/CP,KEDR ручка на кв. розетке R08.690-AL-SN/CP
7189,ZINC ручка R10.555 SN/CP,ZINC ручка R10.555 SN/CP
7216,.CLASS 008 Замок сувальдний межось. 55мм (тех. пакування),.CLASS 008 Замок сувальдный межось. 55мм (тех. упаковка)
7218,Відповідна планка к мех-му WC з прямим відбійником CP,Ответная планка к мех-му WC с прямым отбойником CP
7220,Стандартна відповідна планка к мех-му WC з відбійником AB,Стандартная ответная планка к мех-му WC с отбойником AB
7221,Стандартна відповідна планка к мех-му WC з відбійником CP,Стандартная ответная планка к мех-му WC с отбойником CP
7315,GWK циліндр GSM7000 M70 ZN (35*35),GWK цилиндр GSM7000 M70 ZN (35*35)
7316,GWK циліндр GSM7000 M80 ZN (40*40),GWK цилиндр GSM7000 M80 ZN (40*40)
7317,GWK циліндр GSM7000 M90 ZCN (50Т*40),GWK цилиндр GSM7000 M90 ZCN (50Т*40)
7320,KEDR квадрат 180*8*8мм з насічками,KEDR квадрат 180*8*8мм с насечками
7401,KEDR Ручки FL-6232 R без підсвітки (з накладками),KEDR Ручки FL-6232 R без подсветки (с накладками)
7411,KEDR  ручка на кв. розетці R08.766-AL-SN/CP,KEDR ручка на кв. розетке R08.766-AL-SN/CP
7412,KEDR  накл. поворотна на фіксатор BK1005-MACC,KEDR накл. поворотная на фиксатор BK1005-MACC
7416,CLASS Замок врізний з ручками 0823-M60-AB,CLASS Замок врезной с ручками 0823-M60-AB
7420,вічко 50-90 СP пластик,глазок 50-90 СP пластик
7424,CLASS  Замок сувальдний 3001 (без відповід. планки),CLASS Замок сувальдный 3001 (без соответ. планки)
7427,CLASS Замок врізний з ручками T5D L CP,CLASS Замок врезной с ручками T5D L CP
7428,CLASS Замок врізний з ручками T5D R CP,CLASS Замок врезной с ручками T5D R CP
7441,KEDR DV204 вічко 70-130 СP,KEDR DV204 глазок 70-130 CP
7444,KEDR  циліндр M60 ZN (30*30) ALU,KEDR цилиндр M60 ZN (30*30) ALU
7445,KEDR  циліндр M70 ZN (35*35) ALU,KEDR цилиндр M70 ZN (35*35) ALU
7446,KEDR   циліндр M60 ZCN (30T*30) ALU,KEDR цилиндр M60 ZCN (30T*30) ALU
7448,KEDR   циліндр M70 ZCN (40T*30) ALU,KEDR цилиндр M70 ZCN (40T*30) ALU
7456,KICO SQUARE замок висячий в блістері (60мм),KICO SQUARE замок навесной в блистере (60мм)
7458,BRAVO ROUNDED замок висячий в блістері (50мм),BRAVO ROUNDED замок навесной в блистере (50мм)
7459,BRAVO ROUNDED замок висячий в блістері (60мм),BRAVO ROUNDED замок навесной в блистере (60мм)
7460,BRAVO ROUNDED замок висячий в блістері (70мм),BRAVO ROUNDED замок навесной в блистере (70мм)
7552,KEDR  циліндр BRASS M70 ZCN (40T*30),KEDR цилиндр BRASS M70 ZCN (40T*30)
7578,L256-qwadro ручка на фіксатор SN/CP,L256-qwadro ручка на фиксатор SN/CP
7790,KEDR  ручка на кв. розетці R08.810-AL-SN/CP-White,KEDR ручка на кв. розетке R08.810-AL-SN/CP-White
7791,KEDR  ручка на кв. розетці R08.810-AL-SN/CP-black,KEDR ручка на кв. розетке R08.810-AL-SN/CP-black
7792,KEDR  ручка на кв. розетці R08.820-AL-SN/CP-White,KEDR ручка на кв. розетке R08.820-AL-SN/CP-White
7793,KEDR  ручка на кв. розетці R08.820-AL-SN/CP-Graffit,KEDR ручка на кв. розетке R08.820-AL-SN/CP-Graffit
7794,KEDR  ручка на кв. розетці R08.830-AL-Graffit,KEDR ручка на кв. розетке R08.830-AL-Graffit
7795,KEDR  ручка на кв. розетці R08.840-AL-Graffit/SN,KEDR ручка на кв. розетке R08.840-AL-Graffit/SN
7804,KEDR  накл. поворотна на фіксатор BK6205-SC,KEDR накл. поворотная на фиксатор BK6205-SC
7805,KEDR  накладка на циліндр ET6201-SC,KEDR накладка на цилиндр ET6201-SC
7806,KEDR  ручка на кв. розетці R62.081-AL-SC,KEDR ручка на кв. розетке R62.081-AL-SC
7807,KEDR  ручка на кв. розетці R62.120-AL-SC,KEDR ручка на кв. розетке R62.120-AL-SC
7808,KEDR  ручка на кв. розетці R62.157-AL-SC,KEDR ручка на кв. розетке R62.157-AL-SC
7809,KEDR  ручка на кв. розетці R62.348-AL-SC,KEDR ручка на кв. розетке R62.348-AL-SC
7810,KEDR  ручка на кв. розетці R62.810-AL-SC-White,KEDR ручка на кв. розетке R62.810-AL-SC-White
7814,KEDR  накл. поворотна на фіксатор BK 0605-AL-SN/CP (П),KEDR накл. поворотная на фиксатор BK 0605-AL-SN/CP (П)
7823,BATIS 367 замок висячий (75 мм),BATIS 367 замок навесной (75 мм)
7826,KEDR ручка на кр. розетці HRoz-07.065-AL-S/CR-No name,KEDR ручка на кр. розетке HRoz-07.065-AL-S/CR-No name
7827,KEDR  AL ручка на планці 85.323 (планка 37мм)-S,KEDR AL ручка на планке 85323 (планка 37мм)-S
7828,KEDR  AL ручка на планці 85.323 (планка 37мм)-АВ,KEDR AL ручка на планке 85323 (планка 37мм)-АВ
7829,KEDR  AL ручка на планці 85.1313 (планка 37мм)-S,KEDR AL ручка на планке 85.1313 (планка 37мм)-S
7830,KEDR  AL ручка на планці 85.1313 (планка 37мм)-АВ,KEDR AL ручка на планке 85.1313 (планка 37мм)-АВ
7831,KEDR AL BARY SN/CP ручка на планці межось. 85мм,KEDR AL BARY SN/CP ручка на планке межос. 85мм
7834,KEDR  ручка на кр. розетці HRoz-07.593-AL-SN/CP,KEDR ручка на кр. розетке HRoz-07.593-AL-SN/CP
7835,KEDR  ручка на кр. розетці HRoz-07.766-AL-SN/CP,KEDR ручка на кр. розетке HRoz-07.766-AL-SN/CP
7836,KEDR  ручка на кр. розетці R10.766-AL-SN/CP,KEDR ручка на кр. розетке R10.766-AL-SN/CP
7837,CLASS Замок сувальдний 1001 SN (з відповід. планкою),CLASS Сувальдный замок 1001 SN (с ответ. планкой)
7838,CLASS  Корпус замка 968-45 (сімф ЗВ-4У),CLASS Корпус замка 968-45 (симф ЗВ-4У)
7839,CLASS  Корпус замка 968-55 (сімф ЗВ-4),CLASS Корпус замка 968-55 (симф ЗВ-4)
7848,CLASS Ущільнювач EPDM D 9*7.5mm  (Коричневий) 420 м/рулон,CLASS Уплотнитель EPDM D 9*7.5mm (коричневый) 420 м/рулон
7856,CLASS Ущільнювач PU V 12*8mm  (сірий 600 м),CLASS Уплотнитель PU V 12*8mm (серый 600 м)
7857,вічко 35-60 СP пластик,глазок 35-60 СP пластик
7864,CLASS  410C-S KEVLAR механізм замка  Graffit,CLASS 410C-S KEVLAR механизм замка Graffit
7865,CLASS Замок врізний з ручками 1423(А) AB,CLASS Замок врезной с ручками 1423(А) AB
7866,CLASS Замок врізний з ручками 1423(А) NI,CLASS Замок врезной с ручками 1423(А) NI
7871,KEDR  ручка на кв. розетці HRoz-06.766-AL-SN/CP,KEDR ручка на кв. розетке HRoz-06.766-AL-SN/CP
7872,KEDR  ручка на кв. розетці HRoz-06.636-AL-SN/CP,KEDR ручка на кв. розетке HRoz-06.636-AL-SN/CP
7873,KEDR  ручка на кр. розетці HRoz-07.927-AL-SN/CP,KEDR ручка на кр. розетке HRoz-07.927-AL-SN/CP
7874,KEDR  ручка на кр. розетці HRoz-07.295-AL-SN/CP,KEDR ручка на кр. розетке HRoz-07.295-AL-SN/CP
7879,.KEDR 008 Ручка сувальдн. 55 мм СР (тех. пакування),.KEDR 008 Ручка сувальдн. 55 мм СР (тех. упаковка)
7890,CLASS  100 заскочка (KEVLAR) Graffit,CLASS 100 защелка (KEVLAR) Graffit
7891,CLASS  100 заскочка (металева) Graffit,CLASS 100 защелка (металлическая) Graffit
7892,KEDR циліндр BRASS M60 ZN (30*30) brass key,KEDR цилиндр BRASS M60 ZN (30*30) brass key
7893,KEDR циліндр BRASS M60 ZG (30*30) brass key,KEDR цилиндр BRASS M60 ZG (30*30) brass key
7894,KEDR циліндр BRASS M60 ZCG (30T*30) brass key,KEDR цилиндр BRASS M60 ZCG (30T*30) brass key
7895,KEDR циліндр BRASS M60 ZCN (30T*30) brass key,KEDR цилиндр BRASS M60 ZCN (30T*30) brass key
7896,KEDR циліндр BRASS M70 ZN (35*35) brass key,KEDR цилиндр BRASS M70 ZN (35*35) brass key
7897,KEDR циліндр BRASS M70 ZG (35*35) brass key,KEDR цилиндр BRASS M70 ZG (35*35) brass key
7898,KEDR циліндр BRASS M70 ZCG (35T*35) brass key,KEDR цилиндр BRASS M70 ZCG (35T*35) brass key
7899,KEDR циліндр BRASS M70 ZCN (35T*35) brass key,KEDR цилиндр BRASS M70 ZCN (35T*35) brass key
7900,KEDR циліндр BRASS M70 ZCN (40T*30) brass key,KEDR цилиндр BRASS M70 ZCN (40T*30) brass key
7901,KEDR циліндр BRASS M70 ZN (40*30) brass key,KEDR цилиндр BRASS M70 ZN (40*30) brass key
7902,KEDR циліндр BRASS M70 ZCN (40*30T) brass key,KEDR цилиндр BRASS M70 ZCN (40*30T) brass key
7903,KEDR циліндр BRASS M80 ZCN (40T*40) brass key,KEDR цилиндр BRASS M80 ZCN (40T*40) brass key
7904,KEDR циліндр BRASS M80 ZCN (45T*35) brass key,KEDR цилиндр BRASS M80 ZCN (45T*35) brass key
7905,KEDR циліндр BRASS M80 ZN (40*40) brass key,KEDR цилиндр BRASS M80 ZN (40*40) brass key
7906,KEDR циліндр BRASS M80 ZCN (45*35T) brass key,KEDR цилиндр BRASS M80 ZCN (45*35T) brass key
7907,KEDR циліндр BRASS M90 ZN (45*45) brass key,KEDR цилиндр BRASS M90 ZN (45*45) brass key
7908,KEDR циліндр BRASS M90 ZN (35*55) brass key,KEDR цилиндр BRASS M90 ZN (35*55) brass key
7909,KEDR циліндр BRASS M90 ZCN (45*45T) brass key,KEDR цилиндр BRASS M90 ZCN (45*45T) brass key
7910,KEDR циліндр BRASS M90 ZCN (55*35T) brass key,KEDR цилиндр BRASS M90 ZCN (55*35T) brass key
7914,. 1919-B Black ГЛУХА РУЧКА до протипожеж. замку,. 1919-B Black ГЛУХАЯ РУЧКА к противопожарному замку
7915,KEDR  накл. поворотна на фіксатор BK 08-05-Black mat,KEDR накл. поворотная на фиксатор BK 08-05-Black mat
7916,KEDR  накладка на циліндр ET 08-01- Black mat,KEDR накладка на цилиндр ET 08-01- Black mat
7917,KEDR  ручка на кв. розетці R08.081-AL-Black mat,KEDR ручка на кв. розетке R08.081-AL-Black mat
7918,KEDR  ручка на кв. розетці R08.144-AL-Black mat,KEDR ручка на кв. розетке R08.144-AL-Black mat
7922,KEDR  Броненакладка DEF QUADRO СР,KEDR Броненакладка DEF QUADRO ср.
7923,KEDR кодовий 30мм,KEDR кодовый 30мм
7925,KEDR Замок висячий в гумовому чохлі HG375 L (50 mm),KEDR Замок навесной в резиновом чехле HG375 L (50 mm)
7926,KEDR Замок висячий в гумовому чохлі HG376 L (63 mm),KEDR Замок навесной в резиновом чехле HG376 L (63 mm)
7927,Замок висячий 43O-80 (бочок 80мм),Замок навесной 43O-80 (бочонок 80мм)
7928,Замок висячий IN-590 (краб 90 мм),Замок навесной IN-590 (краб 90 мм)
7929,Замок висячий IN-470 (П-образ. 70 мм),Замок навесной IN-470 (П-образ. 70 мм)
7930,Замок висячий ЧЗ-260 (AL),Замок навесной ЧЗ-260 (AL)
7935,Відповідна планка до замку 10/S-60.3R14,Ответная планка к замку 10/S-60.3R14
7936,Торцевий шпінгалет СХ001,Торцевой шпингалет СХ001
7937,Накладка сувальдна 206 (комплект) СР,Накладка сувальдная 206 (комплект) ср.
7938,Накладка сувальдна 206 (комплект) SN,Сувальдная накладка 206 (комплект) SN
7939,Накладка сувальдна 209 (комплект) CP,Накладка сувальдная 209 (комплект) CP
7940,Накладка сувальдна 209 (комплект) SN,Сувальдная накладка 209 (комплект) SN
8153,KEDR  циліндр ZINK M90 ZCN (40T*50),KEDR цилиндр ZINK M90 ZCN (40T*50)
8160,KEDR DV204 вічко 70-130 СP square,KEDR DV204 глазок 70-130 СP square
8161,KEDR BW 262 SFB Замок висячий (25мм),KEDR BW 262 SFB Замок навесной (25мм)
8162,KEDR BW 263 SFB Замок висячий (32мм),KEDR BW 263 SFB Замок навесной (32мм)
8167,KEDR циліндр ZINK M80 ZN (30*50),KEDR цилиндр ZINK M80 ZN (30*50)
8168,CLASS MAGNET 410C-S магнітний механізм замка  AB,CLASS MAGNET 410C-S магнитный механизм замка AB
8169,CLASS MAGNET 410C-S магнітний механізм замка  NI,CLASS MAGNET 410C-S магнитный механизм замка NI
8179,KEDR Чашка під броненакладку СV01-08-69   CR,KEDR Чашка под броненакладку СV01-08-69 CR
8193,KEDR  ручка на кв. розетці R08.719-AL-Grafit,KEDR ручка на кв. розетке R08.719-AL-Grafit
8194,KEDR  ручка на кв. розетці R08.719-AL-SN/CP,KEDR ручка на кв. розетке R08.719-AL-SN/CP
8202,CLASS Броненакладка QVADRO PROTECT BLACK MAT,CLASS Броненакладка QVADRO PROTECT BLACK MAT
8240,Завіса KEDR 100*62-Graffit-R,Петля KEDR 100*62-Graffit-R
8244,KEDR  циліндр ZINK M110 ZCN (55T*55),KEDR цилиндр ZINK M110 ZCN (55T*55)
8247,KEDR  ручка на кв. розетці R08.180-AL-SN/CP,KEDR ручка на кв. розетке R08.180-AL-SN/CP
8248,KEDR  ручка на кв. розетці R08.180-AL-black nickel,KEDR ручка на кв. розетке R08.180-AL-black nickel
8249,KEDR  накл. поворотна на фіксатор BK 08-05-black nickel,KEDR накл. поворотная на фиксатор BK 08-05-black nickel
8250,KEDR  накладка на циліндр ET 0801-black nickel,KEDR накладка на цилиндр ET 0801-black
8251,KEDR  ручка на кв. розетці R08.081-AL-black nickel,KEDR ручка на кв. розетке R08.081-AL-black nickel
8252,KEDR  ручка на кв. розетці R08.144-AL-black nickel,KEDR ручка на кв. розетке R08.144-AL-black nickel
8254,KEDR  ручка на кв. розетці R08.170-AL-black nickel,KEDR ручка на кв. розетке R08.170-AL-black nickel
8255,KEDR  ручка на кв. розетці R08.348-AL-black nickel,KEDR ручка на кв. розетке R08.348-AL-black nickel
8268,KEDR ручка-кноб  D80-23ET - AB,KEDR ручка-кноб D80-23ET - AB
8269,KEDR ручка-кноб  D80-23ET - PB,KEDR ручка-кноб D80-23ET - PB
8270,KEDR ручка-кноб  D80-23ET - SS,KEDR ручка-кноб D80-23ET - SS
8273,KEDR ручка-кноб  D80-23BK - AB,KEDR ручка-кноб D80-23BK - AB
8274,KEDR ручка-кноб  D80-23BK - PB,KEDR ручка-кноб D80-23BK – PB
8275,KEDR ручка-кноб  D80-23BK - SS,KEDR ручка-кноб D80-23BK - SS
8319,KEDR циліндр BRASS M100 ZN (50*50) brass key,KEDR цилиндр BRASS M100 ZN (50*50) brass key
8320,KEDR циліндр BRASS M100 ZCN (50*50T) brass key,KEDR цилиндр BRASS M100 ZCN (50*50T) brass key
8323,CLASS Відбійник 075 SN,CLASS Отбойник 075 SN
8324,Завіса KEDR FLUSH 100x63x2.0mm-2BB-Black mat   Метелик вузька,Петля KEDR FLUSH 100x63x2.0mm-2BB-Black mat Бабочка узкая
8325,Завіса KEDR FLUSH 100x75x2.5mm-2BB-Black mat   Метелик,Петля KEDR FLUSH 100x75x2.5mm-2BB-Black mat Бабочка
8326,Завіса KEDR FLUSH 100x63x2.0mm-2BB-Black nickel   Метелик вузька,Петля KEDR FLUSH 100x63x2.0mm-2BB-Black nickel Бабочка узкая
8327,Завіса KEDR FLUSH 100x75x2.5mm-2BB-Black nickel   Метелик,Петля KEDR FLUSH 100x75x2.5mm-2BB-Black nickel Бабочка
8328,Завіса KEDR 100*75*2.5-B4-MB (Black mat),Петля KEDR 100752.5-B4-MB (Black mat)
8329,Завіса KEDR 100*75*2.5-B4-NP (nickel),Петля KEDR 100752.5-B4-NP (nickel)
8335,CLASS  Корпус замка ЗВ-7-72/55 SN,CLASS Корпус замка ЗВ-7-72/55 SN
8336,CLASS Замок врізний з ручками 7255.023-2 AB,CLASS Замок врезной с ручками 7255.023-2 AB
8337,CLASS Замок врізний з ручками 7255.023-2 SN,CLASS Замок врезной с ручками 7255.023-2 SN
8338,CLASS Замок врізний з ручками 7255.023-4 AB,CLASS Замок врезной с ручками 7255.023-4 AB
8339,CLASS Замок врізний з ручками 7255.023-4 SN,CLASS Замок врезной с ручками 7255.023-4 SN
8756,KEDR Замок на розсувні двері AB,KEDR Замок на раздвижную дверь AB
8757,KEDR Замок на розсувні двері SN,KEDR Замок на раздвижную дверь SN
8784,CLASS  410C-S KEVLAR механізм замка  BL  ( Black Mat),CLASS 410C-S KEVLAR механизм замка BL (Black Mat)
8785,CLASS  410B-S KEVLAR механізм замка  BL  (Black Mat),CLASS 410B-S KEVLAR механизм замка BL (Black Mat)
8786,CLASS  410C-S KEVLAR механізм замка  BN  (black nickel),CLASS 410C-S KEVLAR механизм замка BN (black nickel)
8787,CLASS  410B-S KEVLAR механізм замка BN  (black nikel),CLASS 410B-S KEVLAR механизм замка BN (black nikel)
8788,CLASS  100 заскочка (KEVLAR) BL (black mat),CLASS 100 защелка (KEVLAR) BL (black mat)
8789,CLASS  100 заскочка (KEVLAR) BN (black nickel),CLASS 100 защелка (KEVLAR) BN (black nickel)
8816,KEDR Замок електромеханічний (5 ключів),KEDR Замок электромеханический (5 ключей)
8848,KEDR замок накладний ЗН-2,KEDR замок накладной ЗН-2
8864,KEDR  накл. поворотна на фіксатор BK 0605-AL-Black mat,KEDR накл. поворотная на фиксатор BK 0605-AL-Black mat
8865,KEDR  накл. поворотна на фіксатор BK 0605-AL-black nickel,KEDR накл. поворотная на фиксатор BK 0605-AL-black nickel
8866,KEDR  ручка на кв. розетці HRoz-06.045-AL-black nickel,KEDR ручка на кв. розетке HRoz-06.045-AL-black nickel
8867,KEDR  ручка на кв. розетці HRoz-06.081-AL-Black mat,KEDR ручка на кв. розетке HRoz-06.081-AL-Black mat
8868,KEDR  ручка на кв. розетці HRoz-06.120-AL-black nickel,KEDR ручка на кв. розетке HRoz-06.120-AL-black nickel
8869,KEDR  ручка на кв. розетці HRoz-06.130-AL-black nickel,KEDR ручка на кв. розетке HRoz-06.130-AL-black nickel
8870,KEDR  ручка на кв. розетці HRoz-06.144-AL-Black mat,KEDR ручка на кв. розетке HRoz-06.144-AL-Black mat
8871,KEDR  ручка на кв. розетці HRoz-06.148-AL-Black mat,KEDR ручка на кв. розетке HRoz-06.148-AL-Black mat
8872,KEDR  ручка на кв. розетці HRoz-06.180-AL-Black mat,KEDR ручка на кв. розетке HRoz-06.180-AL-Black mat
17530,Завіса KEDR 100*75-Black mat-L,Петля KEDR 100*75-Black mat-L
17531,Завіса KEDR 100*75-Black mat-R,Петля KEDR 100*75-Black mat-R
17534,Завіса KEDR 100*75-Black nickel-L,Петля KEDR 100*75-Black nickel-L
17535,Завіса KEDR 100*75-Black nickel-R,Петля KEDR 100*75-Black nickel-R
17536,KEDR DV204 вічко 70-130 BLACK MAT,KEDR DV204 глазок 70-130 BLACK MAT
17548,KEDR  ручка на кр. розетці R10.026-AL-Black mat,KEDR ручка на кр. розетке R10.026-AL-Black mat
19136,CLASS Ущільнювач  E 9*4mm  (Білий),CLASS Уплотнитель E 9*4mm (Белый)
19137,CLASS Ущільнювач  D 9*7.5mm  (чорний),CLASS Уплотнитель D 9*7.5mm (черный)
19138,CLASS Ущільнювач  D 9*7.5mm  (Білий),CLASS Уплотнитель D 9*7.5mm (Белый)
19139,CLASS Ущільнювач  D 12*14mm  (чорний) 40м/рулон,CLASS Уплотнитель D 12*14mm (черный) 40м/рулон
19140,KEDR  накл на циліндр HRoz-0601 ЕТ-AL-АВ,KEDR накл на цилиндр HRoz-0601 ЭТ-AL-АВ
19141,KEDR  накл на циліндр HRoz-0601 ЕТ-AL-Black mat,KEDR накл на цилиндр HRoz-0601 ЕТ-AL-Black mat
19142,KEDR  накл на циліндр HRoz-0601 ЕТ-AL-black nickel,KEDR накл на цилиндр HRoz-0601 ЕТ-AL-black nickel
19419,CLASS MAGNET 410C-S магнітний механізм замка  Black mat,CLASS MAGNET 410C-S магнитный механизм замка Black mat
19420,CLASS MAGNET WC 410B-S магнітний механізм замка Black mat,CLASS MAGNET WC 410B-S магнитный механизм замка Black mat
19445,Замок висячий IN-490 (П-образ. 90 мм),Замок навесной IN-490 (П-образ. 90 мм)
19446,KEDR  ручка на кв. розетці R08.295-AL-SN/CP,KEDR ручка на кв. розетке R08.295-AL-SN/CP
19447,KEDR  ручка на кр. розетці R10.295-AL-SN/CP,KEDR ручка на кр. розетке R10.295-AL-SN/CP
23753,KEDR  ручка на кв. розетці R08.820-AL-SN/CP-black,KEDR ручка на кв. розетке R08.820-AL-SN/CP-black
23790,KEDR  Броненакладка DEF QUADRO BLACK MAT,KEDR Броненакладка DEF QUADRO BLACK MAT
23791,CLASS 1919 GREY (ручка до протипожежного замку),CLASS 1919 GREY (ручка к противопожарному замку)
23792,L256-qwadro ручка на фіксатор BLACK MAT,L256-qwadro ручка на фиксатор BLACK MAT
23798,KEDR DV204 вічко 70-130 BLACK MAT square,KEDR DV204 глазок 70-130 BLACK MAT square
23850,Комплект 251-23 CP Замок врізний з ручками,Комплект 251-23 CP Замок врезной с ручками
23854,KEDR циліндр BRASS M90 ZN (30*60) brass key,KEDR цилиндр BRASS M90 ZN (30*60) brass key
23855,KEDR циліндр BRASS M90 ZCN (30*60T) brass key,KEDR цилиндр BRASS M90 ZCN (30*60T) brass key
23858,KEDR циліндр BRASS M90 ZCN (30T*60) brass key,KEDR цилиндр BRASS M90 ZCN (30T*60) brass key
23859,KEDR циліндр BRASS M90 ZCN (35*55T) brass key,KEDR цилиндр BRASS M90 ZCN (35*55T) brass key
23860,KEDR циліндр BRASS M90 ZCN (40*50T) brass key,KEDR цилиндр BRASS M90 ZCN (40*50T) brass key
23862,KEDR циліндр BRASS M100 ZCN (40*60T) brass key,KEDR цилиндр BRASS M100 ZCN (40*60T) brass key
23863,KEDR циліндр BRASS M100 ZCN (40T*60) brass key,KEDR цилиндр BRASS M100 ZCN (40T*60) brass key
23864,KEDR циліндр BRASS M100 ZN (40*60) brass key,KEDR цилиндр BRASS M100 ZN (40*60) brass key
23865,KEDR циліндр BRASS M110 ZCN (55*55T) brass key,KEDR цилиндр BRASS M110 ZCN (55*55T) brass key
23866,KEDR циліндр BRASS M120 ZCN (60*60T) brass key,KEDR цилиндр BRASS M120 ZCN (60*60T) brass key
23867,KEDR ULTRA накладка на циліндр ET 2101 MBP,KEDR ULTRA накладка на цилиндр ET 2101 MBP
23868,KEDR ULTRA накладка на циліндр ET 2101 MWH,KEDR ULTRA накладка на цилиндр ET 2101 MWH
23869,KEDR ULTRA накладка на циліндр ET 2101 MCP,KEDR ULTRA накладка на цилиндр ET 2101 MCP
23870,KEDR ULTRA накл. поворотна на фіксатор BK 2107 MBP,KEDR ULTRA накл. поворотная на фиксатор BK 2107 MBP
23872,KEDR ULTRA накл. поворотна на фіксатор BK 2107 MCP,KEDR ULTRA накл. поворотная на фиксатор BK 2107 MCP
23873,KEDR ULTRA накл. поворотна на фіксатор BK 2108 MBP,KEDR ULTRA накл. поворотная на фиксатор BK 2108 MBP
23874,KEDR ULTRA накл. поворотна на фіксатор BK 2108 MCP,KEDR ULTRA накл. поворотная на фиксатор BK 2108 MCP
23875,KEDR ULTRA ручка на кв. розетці R21.170 MCP,KEDR ULTRA ручка на кв. розетке R21.170 MCP
23876,KEDR ULTRA ручка на кв. розетці R21.170 MBP,KEDR ULTRA ручка на кв. розетке R21.170 MBP
23877,KEDR ULTRA ручка на кв. розетці R21.175 MBP,KEDR ULTRA ручка на кв. розетке R21.175 MBP
23878,KEDR ULTRA ручка на кв. розетці R21.175 MWH,KEDR ULTRA ручка на кв. розетке R21.175 MWH
23879,KEDR ULTRA ручка на кв. розетці R21.175 MCP,KEDR ULTRA ручка на кв. розетке R21.175 MCP
23880,KEDR ULTRA ручка на кв. розетці R21.190 MBP/WH,KEDR ULTRA ручка на кв. розетке R21.190 MBP/WH
23881,KEDR ULTRA ручка на кв. розетці R21.190 MCP/WH,KEDR ULTRA ручка на кв. розетке R21.190 MCP/WH
23882,KEDR ULTRA ручка на кв. розетці R21.190 MCP/BL,KEDR ULTRA ручка на кв. розетке R21.190 MCP/BL
23883,KEDR ULTRA ручка на кв. розетці R21.210 MBP,KEDR ULTRA ручка на кв. розетке R21.210 MBP
23884,KEDR ULTRA ручка на кв. розетці R21.210 MCP,KEDR ULTRA ручка на кв. розетке R21.210 MCP
23885,KEDR ULTRA ручка на кв. розетці R21.220 MCP,KEDR ULTRA ручка на кв. розетке R21.220 MCP
23886,KEDR ULTRA ручка на кв. розетці R21.220 MBP,KEDR ULTRA ручка на кв. розетке R21.220 MBP
23887,KEDR ULTRA ручка на кв. розетці R21.810 MBP/BL,KEDR ULTRA ручка на кв. розетке R21.810 MBP/BL
23888,KEDR ULTRA ручка на кв. розетці R21.810 MCP/BL,KEDR ULTRA ручка на кв. розетке R21.810 MCP/BL
23889,KEDR ULTRA ручка на кв. розетці R21.830 MBP/WH,KEDR ULTRA ручка на кв. розетке R21.830 MBP/WH
23890,KEDR ULTRA ручка на кв. розетці R21.830 MCP/WH,KEDR ULTRA ручка на кв. розетке R21.830 MCP/WH
23911,KEDR  Накладка сувальдна DEF QUADRO СР,KEDR Накладка сувальдная DEF QUADRO СР
23912,KEDR  Накладка сувальдна DEF QUADRO BLACK MAT,KEDR Сувальдная накладка DEF QUADRO BLACK MAT
23914,KEDR  ручка на кв. розетці R08.148-AL-Black mat,KEDR ручка на кв. розетке R08.148-AL-Black mat
23915,KEDR  ручка на кв. розетці R08.766-AL-Black mat,KEDR ручка на кв. розетке R08.766-AL-Black mat
23926,GENRICH ручка на кв. розетці R77.175 MBP,GENRICH ручка на кв. розетке R77.175 MBP
23927,GENRICH ручка на кв. розетці R77.175 MCP,GENRICH ручка на кв. розетке R77.175 MCP
23928,GENRICH ручка на кв. розетці R77.175 CP,GENRICH ручка на кв. розетке R77.175 CP
23929,GENRICH ручка на кв. розетці R77.205 MBP,GENRICH ручка на кв. розетке R77.205 MBP
23930,GENRICH ручка на кв. розетці R77.205 MCP,GENRICH ручка на кв. розетке R77.205 MCP
23931,GENRICH ручка на кв. розетці R77.205 GR,GENRICH ручка на кв. розетке R77.205 GR
23932,GENRICH ручка на кв. розетці R77.205 MSN,GENRICH ручка на кв. розетке R77.205 MSN
23933,GENRICH ручка на кв. розетці R77.205 CP,GENRICH ручка на кв. розетке R77.205 CP
23934,GENRICH ручка на кв. розетці R77.210 MBP,GENRICH ручка на кв. розетке R77.210 MBP
23935,GENRICH ручка на кв. розетці R77.210 MCP,GENRICH ручка на кв. розетке R77.210 MCP
23936,GENRICH ручка на кв. розетці R77.210 MSN,GENRICH ручка на кв. розетке R77.210 MSN
23937,GENRICH ручка на кв. розетці R77.210 GR,GENRICH ручка на кв. розетке R77.210 GR
23938,GENRICH ручка на кв. розетці R77.210 CP,GENRICH ручка на кв. розетке R77.210 CP
23939,GENRICH ручка на кв. розетці R77.215 MBP,GENRICH ручка на кв. розетке R77.215 MBP
23940,GENRICH ручка на кв. розетці R77.215 MCP,GENRICH ручка на кв. розетке R77.215 MCP
23941,GENRICH ручка на кв. розетці R77.220 MCP / WH,GENRICH ручка на кв. розетке R77.220 MCP/WH
23942,GENRICH ручка на кв. розетці R77.220 MSN / MBP,GENRICH ручка на кв. розетке R77.220 MSN/MBP
23943,GENRICH ручка на кв. розетці R77.220 CP / MBP,GENRICH ручка на кв. розетке R77.220 CP/MBP
23944,GENRICH ручка на кв. розетці R77.220 GR / MBP,GENRICH ручка на кв. розетке R77.220 GR/MBP
23945,GENRICH ручка на кв. розетці R77.225 CP / MBP,GENRICH ручка на кв. розетке R77.225 CP/MBP
23946,GENRICH ручка на кв. розетці R77.225 CP / MSN,GENRICH ручка на кв. розетке R77.225 CP/MSN
23947,GENRICH ручка на кв. розетці R77.225 CP / WH,GENRICH ручка на кв. розетке R77.225 CP/WH
23948,GENRICH ручка на кв. розетці R77.722 CP / MBP,GENRICH ручка на кв. розетке R77.722 CP/MBP
23949,GENRICH ручка на кв. розетці R77.722 CP / MSN,GENRICH ручка на кв. розетке R77.722 CP/MSN
23950,GENRICH ручка на кв. розетці R77.722 CP / WH,GENRICH ручка на кв. розетке R77.722 CP/WH
23951,GENRICH ручка на кр. розетці R27.756 MBP,GENRICH ручка на кр. розетке R27.756 MBP
23952,GENRICH ручка на кр. розетці R27.756 MSN,GENRICH ручка на кр. розетке R27.756 MSN
23953,GENRICH ручка на кр. розетці R27.756 CP,GENRICH ручка на кр. розетке R27.756 CP
23954,GENRICH ручка на кр. розетці R27.766 MBP,GENRICH ручка на кр. розетке R27.766 MBP
23955,GENRICH ручка на кр. розетці R27.766 MCP,GENRICH ручка на кр. розетке R27.766 MCP
23956,GENRICH ручка на кр. розетці R27.766 CP,GENRICH ручка на кр. розетке R27.766 CP
23957,GENRICH накл. поворотна на фіксатор BK7709 MBP,GENRICH накл. поворотная на фиксатор BK7709 MBP
23958,GENRICH накл. поворотна на фіксатор BK7709 MCP,GENRICH накл. поворотная на фиксатор BK7709 MCP
23959,GENRICH накл. поворотна на фіксатор BK7709 CP,GENRICH накл. поворотная на фиксатор BK7709 CP
23960,GENRICH накл. поворотна на фіксатор BK7709 MSN,GENRICH накл. поворотная на фиксатор BK7709 MSN
23961,GENRICH накл. поворотна на фіксатор BK7709 GR,GENRICH накл. поворотная на фиксатор BK7709 GR
23962,GENRICH накладка на циліндр ET7701 MBP,GENRICH накладка на цилиндр ET7701 MBP
23963,GENRICH накладка на циліндр ET7701 MCP,GENRICH накладка на цилиндр ET7701 MCP
23964,GENRICH накладка на циліндр ET7701 CP,GENRICH накладка на цилиндр ET7701 CP
23965,GENRICH накладка на циліндр ET7701 MSN,GENRICH накладка на цилиндр ET7701 MSN
23966,GENRICH накладка на циліндр ET7701 GR,GENRICH накладка на цилиндр ET7701 GR
23967,GENRICH накл. поворотна на фіксатор BK2715 MBP,GENRICH накл. поворотная на фиксатор BK2715 MBP
23968,GENRICH накл. поворотна на фіксатор BK2715 MCP,GENRICH накл. поворотная на фиксатор BK2715 MCP
23969,GENRICH накл. поворотна на фіксатор BK2715 CP,GENRICH накл. поворотная на фиксатор BK2715 CP
23970,GENRICH накл. поворотна на фіксатор BK2715 MSN,GENRICH накл. поворотная на фиксатор BK2715 MSN
23971,GENRICH накладка на циліндр ET2701 MBP,GENRICH накладка на цилиндр ET2701 MBP
23972,GENRICH накладка на циліндр ET2701 MCP,GENRICH накладка на цилиндр ET2701 MCP
23973,GENRICH накладка на циліндр ET2701 CP,GENRICH накладка на цилиндр ET2701 CP
23974,GENRICH накладка на циліндр ET2701 MSN,GENRICH накладка на цилиндр ET2701 MSN
23976,KEDR  накл. на циліндр HRoz-0701 ЕТ-AL- АВ,KEDR накл. на цилиндр HRoz-0701 ЭТ-AL-АВ
24025,KEDR циліндр ZINK M60 ZAB (30*30),KEDR цилиндр ZINK M60 ZAB (30*30)
24026,KEDR циліндр ZINK M70 ZAB (35*35),KEDR цилиндр ZINK M70 ZAB (35*35)
24027,KEDR  циліндр ZINK M80 ZCBM (45T*35),KEDR цилиндр ZINK M80 ZCBM (45T*35)
24028,KEDR  циліндр ZINK M60 ZCBM (30T*30),KEDR цилиндр ZINK M60 ZCBM (30T*30)
24029,KEDR  циліндр ZINK M70 ZCBM (35T*35),KEDR цилиндр ZINK M70 ZCBM (35T*35)
24030,KEDR  циліндр ZINK M80 ZCBM (40T*40),KEDR цилиндр ZINK M80 ZCBM (40T*40)
24031,KEDR  циліндр ZINK M70 ZCBM (40T*30),KEDR цилиндр ZINK M70 ZCBM (40T*30)
24032,KEDR  циліндр ZINK M90 ZCBM (45T*45),KEDR цилиндр ZINK M90 ZCBM (45T*45)
24033,KEDR  циліндр ZINK M100 ZCBM (50T*50),KEDR цилиндр ZINK M100 ZCBM (50T*50)
24034,KEDR  циліндр ZINK M90 ZCBM (40T*50),KEDR цилиндр ZINK M90 ZCBM (40T*50)
24035,KEDR  циліндр ZINK M110 ZCBM (55T*55),KEDR цилиндр ZINK M110 ZCBM (55T*55)
25907,Стопор силіконовий на дверну ручку,Стопор силиконовый на дверной ручке
25909,вічко 50-90 СP з цинку,глазок 50-90 СP из цинка
25911,KEDR Ручка на розсувні двері (пара) BLACK MAT,KEDR Ручка на раздвижную дверь (пара) BLACK MAT
25912,KEDR Ручка прямокутна на розсувні двері (пара) BLACK MAT,KEDR Ручка прямоугольная на раздвижную дверь (пара) BLACK MAT
25983,KEDR замок накладний ЗН-1,KEDR замок накладной ЗН-1
25995,Стопор дверний магнітний BLACK MAT,Стопор дверной магнитный BLACK MAT
25996,Стопор дверний магнітний SN,Стопор дверной магнитный SN
26021,CLASS Замок сувальдний ЗВ-8-4,CLASS Замок сувальдный ЗВ-8-4
26033,KEDR-CLASS  шпінгалет торцевий 140mm BLACK MAT,KEDR-CLASS шпингалет торцевой 140mm BLACK MAT
26034,KEDR  циліндр ZINK M90 ZCN (50T*40),KEDR цилиндр ZINK M90 ZCN (50T*40)
26035,KEDR  циліндр ZINK M90 ZCBM (50T*40),KEDR цилиндр ZINK M90 ZCBM (50T*40)
26037,KEDR Ручки FL-6232 УНИВЕРСАЛЬНА ЕКОНОМ без підсвітки (з накладками),KEDR Ручки FL-6232 УНИВЕРСАЛЬНЫЙ ЭКОНОМ без подсветки (с накладками)
26038,KEDR  ручка на кв. розетці R08.767-AL-Black mat,KEDR ручка на кв. розетке R08.767-AL-Black mat
26041,Завіса KEDR 100*75*2.5-B4-Black nickel,Петля KEDR 100752.5-B4-Black nickel
26042,KEDR циліндр ZINK M60 ZBM (30*30),KEDR цилиндр ZINK M60 ZBM (30*30)
26043,KEDR циліндр ZINK M70 ZBM (35*35),KEDR цилиндр ZINK M70 ZBM (35*35)
26151,CLASS  Корпус замка 2800 CP (тех. пакування),CLASS Корпус замка 2800 CP (тех. упаковка)
26154,KEDR циліндр BRASS M70 ZCN (35T*35) brass key 10 ключiв,KEDR цилиндр BRASS M70 ZCN (35T*35) brass key 10 ключей
26158,CLASS Замок на китай. двері квадрат. ригель (А18) універсальний,CLASS Замок на Китай. дверь квадрат. ригель (А18) универсальный
26159,CLASS Замок на китай. двері круг. ригель (А14) універсальний,CLASS Замок на Китай. дверь круг. ригель (А14) универсальный
26160,Завіса KEDR 125*75-Black mat-L,Петля KEDR 125*75-Black mat-L
26161,Завіса KEDR 125*75-Black mat-R,Петля KEDR 125*75-Black mat-R
26386,CLASS Велосипедний замок ВЗ-650 MBP (чорний),CLASS Велосипедный замок ВЗ-650 MBP (черный)
26387,CLASS Велосипедний замок ВЗ-800 MBP (чорний),CLASS Велосипедный замок ВЗ-800 MBP (черный)
26388,CLASS Велосипедний замок ВЗ-1000 MBP (чорний),CLASS Велосипедный замок ВЗ-1000 MBP (черный)
26389,CLASS Велосипедний замок COD-650 MBP (чорний),CLASS Велосипедный замок COD-650 MBP (черный)
26407,CLASS  Замок сувальдний 3011 (без відповід. планки),CLASS Замок сувальдный 3011 (без соответ. планки)
26408,KEDR замок накладний сувальдний 0451 КМА (з вiдповiдною планкою),KEDR замок накладной сувальдный 0451 КМА (с соответствующей планкой)
26409,CLASS замок сувальдний 0402 (метал. ключ),CLASS сувальдный замок 0402 (метал. ключ)
26410,CLASS замок сувальдний 0402 (латунний ключ),CLASS замок сувальдный 0402 (латунный ключ)
26411,Вiдповiдна планка до замку 0402,Ответная планка к замку 0402
26412,CLASS замок сувальдний 0404 (метал. ключ),CLASS сувальдный замок 0404 (метал. ключ)
26413,Вiдповiдна планка до замку 0404,Ответная планка к замку 0404
26414,CLASS замок сувальдний 0406 (метал. ключ),CLASS сувальдный замок 0406 (метал. ключ)
26415,Вiдповiдна планка до замку 0406,Ответная планка к замку 0406
26416,"CLASS замок сувальдний 0601 (без тяг, латунний ключ 95 mm)","CLASS сувальдный замок 0601 (без тяг, латунный ключ 95 mm)"
26417,Вiдповiдна планка до замку 0601,Ответная планка к замку 0601
26418,"CLASS замок сувальдний 0640 (без тяг, латунний ключ)","CLASS сувальдный замок 0640 (без тяг, латунный ключ)"
26419,"CLASS замок сувальдний 0641 (без тяг, латунний ключ)","CLASS сувальдный замок 0641 (без тяг, латунный ключ)"
26420,Вiдповiдна планка до замку 0640/41,Ответная планка к замку 0640/41
26426,CLASS CAP D14*46 Black,CLASS CAP D14*46 Black
26458,KEDR Чашка під броненакладку CV01-16-69 BLACK MAT,KEDR Чашка под броненакладку CV01-16-69 BLACK MAT
26459,CLASS Броненакладка Z 1021 BLACK MAT (тех. пакування),CLASS Броненакладка Z 1021 BLACK MAT (тех. упаковка)
26460,KEDR Накладка сувальдна Т917 BLACK MAT (Комплект),KEDR Сувальдная накладка Т917 BLACK MAT (Комплект)
26461,KEDR  накл. поворотна на фіксатор BK 0705-AL-Black mat,KEDR накл. поворотная на фиксатор BK 0705-AL-Black mat
26462,KEDR  накл. на циліндр HRoz-0701 ЕТ-AL- Black mat,KEDR накл. на цилиндр HRoz-0701 ЭТ-AL- Black mat
26463,KEDR  ручка на кр. розетці HRoz-07.295-AL-Black mat,KEDR ручка на кр. розетке HRoz-07.295-AL-Black mat
26464,KEDR  ручка на кр. розетці HRoz-07.766-AL-Black mat,KEDR ручка на кр. розетке HRoz-07.766-AL-Black mat
26465,KEDR  ручка на кр. розетці HRoz-07.927-AL-Black mat,KEDR ручка на кр. розетке HRoz-07.927-AL-Black mat
26466,CLASS Замок врізний з ручками 1023-M60-CR (A),CLASS Замок врезной с ручками 1023-M60-CR (A)
26479,KEDR дотягувач А062 (60-85кг) Чорний,KEDR доводчик А062 (60-85кг) Черный
26480,KEDR дотягувач А082 (80-120кг) Чорний,KEDR доводчик А082 (80-120кг) Черный
26484,KEDR Накладка сувальдна 69/52 СР (Комплект),KEDR Накладка сувальдная 69/52 СР (Комплект)
26485,KEDR Накладка сувальдна 69/52 Black (Комплект),KEDR Накладка сувальдная 69/52 Black (Комплект)
26487,CLASS Замок висячий KOS 32,CLASS Замок навесной KOS 32
26488,CLASS Замок висячий KOS 38,CLASS Замок навесной KOS 38
26489,CLASS Замок висячий KOS 50,CLASS Замок навесной KOS 50
26490,CLASS Замок висячий KOS 63,CLASS Замок навесной KOS 63
26503,KEDR  AL ручка на планці 55.323 (планка 37мм)-АВ,KEDR AL ручка на планке 55323 (планка 37мм)-АВ
26504,KEDR  AL ручка на планці 72.323 (планка 37мм)-S,KEDR AL ручка на планке 72323 (планка 37мм)-S
26505,KEDR  AL ручка на планці 72.323 (планка 37мм)-АВ,KEDR AL ручка на планке 72323 (планка 37мм)-АВ
26506,KEDR AL ручка на планці 55.323 (планка 200х47мм) АВ,KEDR AL ручка на планке 55.323 (планка 200х47мм) АВ
26507,KEDR AL ручка на планці 55.323 (планка 200х47мм) СР,KEDR AL ручка на планке 55.323 (планка 200х47мм)
26539,CLASS замок сувальдний 0404 (латунний ключ),CLASS сувальдный замок 0404 (латунный ключ)
26540,CLASS замок сувальдний 0406 (латунний ключ),CLASS сувальдный замок 0406 (латунный ключ)
26541,KEDR PLK циліндр ZINK M60Z SN (30*30),KEDR PLK цилиндр ZINK M60Z SN (30*30)
26542,KEDR PLK циліндр ZINK M60Z MBP (30*30),KEDR PLK цилиндр ZINK M60Z MBP (30*30)
26543,KEDR PLK циліндр ZINK M60ZC SN (30T*30),KEDR PLK цилиндр ZINK M60ZC SN (30T*30)
26544,KEDR PLK циліндр ZINK M60ZC MBP (30T*30),KEDR PLK цилиндр ZINK M60ZC MBP (30T*30)
26545,KEDR PLK циліндр ZINK M70Z SN (35*35),KEDR PLK цилиндр ZINK M70Z SN (35*35)
26546,KEDR PLK циліндр ZINK M70Z SN (40*30),KEDR PLK цилиндр ZINK M70Z SN (40*30)
26547,KEDR PLK циліндр ZINK M70ZC SN (35T*35),KEDR PLK цилиндр ZINK M70ZC SN (35T*35)
26548,KEDR PLK циліндр ZINK M70ZC MBP (35T*35),KEDR PLK цилиндр ZINK M70ZC MBP (35T*35)
26549,KEDR PLK циліндр ZINK M80Z SN (40*40),KEDR PLK цилиндр ZINK M80Z SN (40*40)
26550,KEDR PLK циліндр ZINK M80ZC SN (40T*40),KEDR PLK цилиндр ZINK M80ZC SN (40T*40)
26551,KEDR PLK циліндр ZINK M80ZC SN (45T*35),KEDR PLK цилиндр ZINK M80ZC SN (45T*35)
26552,KEDR PLK циліндр ZINK M90ZC SN  (45T*45),KEDR PLK цилиндр ZINK M90ZC SN (45T*45)
26553,KEDR PLK циліндр ZINK M100ZC SN  (50T*50),KEDR PLK цилиндр ZINK M100ZC SN (50T*50)
26554,KEDR  AL ручка на планці 85.0423 АВ (ALUMO),KEDR AL ручка на планке 85.0423 АВ (ALUMO)
26562,KEDR дотягувач А061 (45-75кг) Чорний,KEDR доводчик А061 (45-75кг) Черный
26587,CLASS MAGNET PLST 410C-S магнітний механізм замка  NI,CLASS MAGNET PLST 410C-S магнитный механизм замка NI
26588,CLASS MAGNET PLST WC 410B-S магнітний механізм замка Black mat,CLASS MAGNET PLST WC 410B-S магнитный механизм замка Black mat
26589,CLASS MAGNET PLST WC 410B-S магнітний механізм замка NI,CLASS MAGNET PLST WC 410B-S магнитный механизм замка NI
26600,CLASS MAGNET PLST 410C-S магнітний механізм замка  Black mat,CLASS MAGNET PLST 410C-S магнитный механизм замка Black mat
26601,CLASS MAGNET PLST WC 410B-S магнітний механізм замка AB,CLASS MAGNET PLST WC 410B-S магнитный механизм замка AB
26682,CLASS Корпус замка 153P-35 (16mm),CLASS Корпус замка 153P-35 (16mm)
26703,KEDR циліндр ZINK M85 ZN (32*53),KEDR цилиндр ZINK M85 ZN (32*53)
26704,KEDR циліндр ZINK M90 ZN (60*30),KEDR цилиндр ZINK M90 ZN (60*30)
26705,KEDR  циліндр ZINK M70 ZCN (40*30Т),KEDR цилиндр ZINK M70 ZCN (40*30Т)
26706,KEDR  циліндр ZINK M80 ZCN (45*35T),KEDR цилиндр ZINK M80 ZCN (45*35T)
26707,KEDR  циліндр ZINK M80 ZCN (50*30Т),KEDR цилиндр ZINK M80 ZCN (50*30Т)
26708,KEDR  циліндр ZINK M80 ZCN (50T*30),KEDR цилиндр ZINK M80 ZCN (50T*30)
26709,KEDR  циліндр ZINK M85 ZCN (32T*53),KEDR цилиндр ZINK M85 ZCN (32T*53)
26710,KEDR  циліндр ZINK M90 ZCN (55T*35),KEDR цилиндр ZINK M90 ZCN (55T*35)
26711,KEDR  циліндр ZINK M90 ZCN (60*30T),KEDR цилиндр ZINK M90 ZCN (60*30T)
26712,CLASS Велосипедний замок ВЗ-1500 MBP (чорний),CLASS Велосипедный замок ВЗ-1500 MBP (черный)
26722,KEDR  ручка на кв. розетці HRoz-06.120-AL-black mat,KEDR ручка на кв. розетке HRoz-06.120-AL-black mat
26724,CLASS 100 заскочка (KEVLAR) ОВАЛ BL ( Black mat),CLASS 100 защелка (KEVLAR) ОВАЛ BL ( Black mat)
26725,KEDR Броненакладка DEF ULTRA 72/62 BLACK MAT,KEDR Броненакладка DEF ULTRA 72/62 BLACK MAT
26726,KEDR Броненакладка DEF ULTRA 72/62 МCP,KEDR Броненакладка DEF ULTRA 72/62 МCP
26727,KEDR Накладка сувальдна ULTRA LEVEL 72/62 BLACK MAT (КОМПЛЕКТ),KEDR Сувальдная накладка ULTRA LEVEL 72/62 BLACK MAT (КОМПЛЕКТ)
26728,KEDR Накладка сувальдна ULTRA LEVEL 72/62 МCP (КОМПЛЕКТ),KEDR Сувальдная накладка ULTRA LEVEL 72/62 МCP (КОМПЛЕКТ)
26730,L256 ULTRA 72/62 МCP,L256 ULTRA 72/62 МCP
26799,"CLASS замок сувальдний 0602 (з тягами, латунний ключ)","CLASS сувальдный замок 0602 (с тягами, латунный ключ)"
26800,"KEDR замок накладний сувальдний 0651 КМА (без вiдповiд. планки, латунний ключ))","KEDR замок накладной сувальдный 0651 КМА (без соответ. планки, латунный ключ))"
26801,KEDR  ручка на кв. розетці HRoz-06.144-AL-Graffit,KEDR ручка на кв. розетке HRoz-06.144-AL-Graffit
26802,CLASS Відбійник 002 BLACK MAT,CLASS Отбойник 002 BLACK MAT
26803,CLASS Відбійник 014 BLACK MAT,CLASS Отбойник 014 BLACK MAT
26813,"CLASS замок сувальдний 0601 (без тяг, латунний ключ 110 mm)","CLASS сувальдный замок 0601 (без тяг, латунный ключ 110 mm)"
26816,CLASS MAGNET PLST WC 410B-S магнітний механізм замка MCP,CLASS MAGNET PLST WC 410B-S магнитный механизм замка MCP
26817,CLASS MAGNET PLST WC 410B-S магнітний механізм замка MSN,CLASS MAGNET PLST WC 410B-S магнитный механизм замка MSN
26818,CLASS  100 заскочка (KEVLAR) MCP,CLASS 100 защелка (KEVLAR) MCP
26819,CLASS  100 заскочка (KEVLAR) MSN,CLASS 100 защелка (KEVLAR) MSN
26820,CLASS 101 засувка MCP,CLASS 101 защелка MCP
26821,CLASS 101 засувка MSN,CLASS 101 защелка MSN
26853,Стопор дверний магнітний 21 (врiзний),Стопор дверной магнитный 21 (врезной)
26873,CLASS  Замок сувальдний 701,CLASS Замок сувальдный 701
26874,CLASS  Замок сувальдний 801,CLASS Замок сувальдный 801
26905,Завіса KEDR FLUSH 100x63x2.0mm-2BB-PB (F)  Метелик вузька,Петля KEDR FLUSH 100x63x2.0mm-2BB-PB (F) Бабочка узкая
26906,Завіса KEDR FLUSH 100x63x2.0mm-2BB-SN (F)  Метелик вузька,Петля KEDR FLUSH 100x63x2.0mm-2BB-SN (F) Бабочка узкая
26907,Завіса KEDR FLUSH 100x75x2.5mm-2BB-Graffit  (F)  Метелик,Петля KEDR FLUSH 100x75x2.5mm-2BB-Graffit (F) Бабочка
26908,Завіса KEDR FLUSH 100x75x2.5mm-2BB-AB (F)  Метелик,Петля KEDR FLUSH 100x75x2.5mm-2BB-AB (F) Бабочка
26910,KEDR  циліндр ZINK M100 ZCN (40T*60),KEDR цилиндр ZINK M100 ZCN (40T*60)
26935,KEDR  циліндр ZINK M100 ZCBM (40T*60),KEDR цилиндр ZINK M100 ZCBM (40T*60)
26936,Завіса KEDR FLUSH 100x75x2.5mm-2BB-PB (F)  Метелик,Петля KEDR FLUSH 100x75x2.5mm-2BB-PB (F) Бабочка
26938,CLASS Відбійник INNOX 002 AB,CLASS Отбойник INNOX 002 AB
26939,CLASS Відбійник INNOX 002 BLACK MAT,CLASS Отбойник INNOX 002 BLACK MAT
26940,CLASS Відбійник INNOX 002 SN,CLASS Отбойник INNOX 002 SN
26950,KEDR KEVLAR ручка на кв. розетці R51.210 MBP,KEDR KEVLAR ручка на кв. розетке R51.210 MBP
26951,KEDR KEVLAR ручка на кв. розетці R51.210 MSN,KEDR KEVLAR ручка на кв. розетке R51.210 MSN
26952,KEDR KEVLAR ручка на кв. розетці R51.081 MBP,KEDR KEVLAR ручка на кв. розетке R51.081 MBP
26953,KEDR KEVLAR ручка на кв. розетці R51.081 MSN,KEDR KEVLAR ручка на кв. розетке R51.081 MSN
26954,KEDR KEVLAR ручка на кв. розетці R04.081 MBP,KEDR KEVLAR ручка на кв. розетке R04.081 MBP
26955,KEDR KEVLAR ручка на кв. розетці R04.081 MSN,KEDR KEVLAR ручка на кв. розетке R04.081 MSN
26956,KEDR KEVLAR ручка на кв. розетці R04.144 MBP,KEDR KEVLAR ручка на кв. розетке R04.144 MBP
26957,KEDR KEVLAR ручка на кв. розетці R04.144 MSN,KEDR KEVLAR ручка на кв. розетке R04.144 MSN
26958,KEDR KEVLAR накл. поворотна на фіксатор BK 5105 MBP,KEDR KEVLAR накл. поворотная на фиксатор BK 5105 MBP
26959,KEDR KEVLAR накл. поворотна на фіксатор BK 5105 MSN,KEDR KEVLAR накл. поворотная на фиксатор BK 5105 MSN
26960,KEDR KEVLAR накладка на циліндр ET 5101 MBP,KEDR KEVLAR накладка на цилиндр ET 5101 MBP
26961,KEDR KEVLAR накладка на циліндр ET 5101 MSN,KEDR KEVLAR накладка на цилиндр ET 5101 MSN
26962,KEDR KEVLAR накл. поворотна на фіксатор BK 0405 MBP,KEDR KEVLAR накл. поворотная на фиксатор BK 0405 MBP
26963,KEDR KEVLAR накл. поворотна на фіксатор BK 0405 MSN,KEDR KEVLAR накл. поворотная на фиксатор BK 0405 MSN
26964,KEDR KEVLAR накладка на циліндр ET 0401 MBP,KEDR KEVLAR накладка на цилиндр ET 0401 MBP
26965,KEDR KEVLAR накладка на циліндр ET 0401 MSN,KEDR KEVLAR накладка на цилиндр ET 0401 MSN
27028,CLASS  Корпус замка 2800 CP (А) (тех. пакування),CLASS Корпус замка 2800 CP(А) (тех. упаковка)
27035,CLASS Відбійник INNOX 015 AB,CLASS Отбойник INNOX 015 AB
27036,CLASS Відбійник INNOX 015 SN,CLASS Отбойник INNOX 015 SN
27067,Завіса KEDR FLUSH 100x75x2.5mm-2BB-MCP (F)  Метелик,Петля KEDR FLUSH 100x75x2.5mm-2BB-MCP (F) Бабочка
27090,KEDR циліндр ZINK M90 ZN (50*40),KEDR цилиндр ZINK M90 ZN (50*40)
27096,Комплект ЗВ9-6 Замок врізний з ручками,Комплект ЗВ9-6 Замок врезной с ручками
27119,KEDR дотягувач із фіксацією F061 (45-75кг) Білий,KEDR доводчик с фиксацией F061 (45-75кг) Белый
27120,KEDR дотягувач із фіксацією F062 (60-85кг) Білий,KEDR доводчик с фиксацией F062 (60-85кг) Белый
27121,KEDR дотягувач із фіксацією F062 (60-85кг) Коричневий,KEDR доводчик с фиксацией F062 (60-85кг) Коричневый
27122,KEDR дотягувач із фіксацією F062 (60-85кг) Сірий,KEDR доводчик с фиксацией F062 (60-85кг) Серый
27123,KEDR дотягувач із фіксацією F062 (60-85кг) Чорний,KEDR доводчик с фиксацией F062 (60-85кг) Черный
27125,KEDR циліндр ZINK M65 ZN (35*30) шток 65 мм,KEDR цилиндр ZINK M65 ZN (35*30) шток 65 мм
27126,KEDR циліндр ZINK M70 ZN (40*30) шток 65 мм,KEDR цилиндр ZINK M70 ZN (40*30) шток 65 мм
27127,KEDR циліндр ZINK M75 ZN (45*30) шток 65 мм,KEDR цилиндр ZINK M75 ZN (45*30) шток 65 мм
27128,KEDR циліндр ZINK M80 ZN (50*30) шток 65 мм,KEDR цилиндр ZINK M80 ZN (50*30) шток 65 мм
27129,КНОБ MBP,КНОБ MBP
27130,КНОБ MСP,КНОБ MCP
27131,KEDR Броненакладка DEF ULTRA SLIM 72/62 BLACK MAT,KEDR Броненакладка DEF ULTRA SLIM 72/62 BLACK MAT
27132,KEDR Броненакладка DEF ULTRA SLIM 72/62 МCP,KEDR Броненакладка DEF ULTRA SLIM 72/62 МCP
27133,KEDR Накладка пiд шток ULTRA 72/62 BLACK MAT (1 штука),KEDR Накладка под шток ULTRA 72/62 BLACK MAT (1 штука)
27134,KEDR Накладка пiд шток ULTRA 72/62 МCP (1 штука),KEDR Накладка под шток ULTRA 72/62 МCP (1 штука)
27152,KEDR Чашка під броненакладку СV01-10-69   BLACK MAT,KEDR Чашка под броненакладку СV01-10-69 BLACK MAT
27209,KEDR циліндр BRASS M100 ZCN (45Т*55) brass key,KEDR цилиндр BRASS M100 ZCN (45Т*55) brass key
27210,KEDR циліндр BRASS M100 ZCN (45*55Т) brass key,KEDR цилиндр BRASS M100 ZCN (45*55Т) brass key
27211,KEDR циліндр BRASS M100 ZN (45*55) brass key,KEDR цилиндр BRASS M100 ZN (45*55) brass key
27212,KEDR циліндр BRASS M110 ZN (55*55) brass key,KEDR цилиндр BRASS M110 ZN (55*55) brass key
27216,КНОБ SN,КНОБ SN